evidence_level,switch_count,method,repetition,measured,switch,direction,latency_us,returncode,stderr
measured_emulation_calibration,8,direct_ovs_ofctl,0,0,s1,forward,10331.166,0,
measured_emulation_calibration,8,direct_ovs_ofctl,0,0,s1,reverse,11150.833,0,
measured_emulation_calibration,8,direct_ovs_ofctl,0,0,s2,forward,9643.333,0,
measured_emulation_calibration,8,direct_ovs_ofctl,0,0,s2,reverse,9617.875,0,
measured_emulation_calibration,8,direct_ovs_ofctl,0,0,s3,forward,8943.916,0,
measured_emulation_calibration,8,direct_ovs_ofctl,0,0,s3,reverse,9689.166,0,
measured_emulation_calibration,8,direct_ovs_ofctl,0,0,s4,forward,9311.791,0,
measured_emulation_calibration,8,direct_ovs_ofctl,0,0,s4,reverse,9411.5,0,
measured_emulation_calibration,8,direct_ovs_ofctl,0,0,s5,forward,9174.0,0,
measured_emulation_calibration,8,direct_ovs_ofctl,0,0,s5,reverse,8783.334,0,
measured_emulation_calibration,8,direct_ovs_ofctl,0,0,s6,forward,9091.25,0,
measured_emulation_calibration,8,direct_ovs_ofctl,0,0,s6,reverse,9174.917,0,
measured_emulation_calibration,8,direct_ovs_ofctl,0,0,s7,forward,9355.709,0,
measured_emulation_calibration,8,direct_ovs_ofctl,0,0,s7,reverse,9797.25,0,
measured_emulation_calibration,8,direct_ovs_ofctl,0,0,s8,forward,9024.333,0,
measured_emulation_calibration,8,direct_ovs_ofctl,0,0,s8,reverse,8779.084,0,
measured_emulation_calibration,8,daim_adapter,0,0,s1,forward,12487.792,0,
measured_emulation_calibration,8,daim_adapter,0,0,s1,reverse,11784.209,0,
measured_emulation_calibration,8,daim_adapter,0,0,s2,forward,12549.625,0,
measured_emulation_calibration,8,daim_adapter,0,0,s2,reverse,12512.833,0,
measured_emulation_calibration,8,daim_adapter,0,0,s3,forward,14786.584,0,
measured_emulation_calibration,8,daim_adapter,0,0,s3,reverse,12683.625,0,
measured_emulation_calibration,8,daim_adapter,0,0,s4,forward,11983.417,0,
measured_emulation_calibration,8,daim_adapter,0,0,s4,reverse,11560.417,0,
measured_emulation_calibration,8,daim_adapter,0,0,s5,forward,12843.292,0,
measured_emulation_calibration,8,daim_adapter,0,0,s5,reverse,11946.875,0,
measured_emulation_calibration,8,daim_adapter,0,0,s6,forward,12094.75,0,
measured_emulation_calibration,8,daim_adapter,0,0,s6,reverse,12043.791,0,
measured_emulation_calibration,8,daim_adapter,0,0,s7,forward,13489.083,0,
measured_emulation_calibration,8,daim_adapter,0,0,s7,reverse,12157.334,0,
measured_emulation_calibration,8,daim_adapter,0,0,s8,forward,14353.458,0,
measured_emulation_calibration,8,daim_adapter,0,0,s8,reverse,13392.666,0,
measured_emulation_calibration,8,daim_adapter,1,1,s1,forward,12460.25,0,
measured_emulation_calibration,8,daim_adapter,1,1,s1,reverse,13023.292,0,
measured_emulation_calibration,8,daim_adapter,1,1,s2,forward,13055.917,0,
measured_emulation_calibration,8,daim_adapter,1,1,s2,reverse,11988.667,0,
measured_emulation_calibration,8,daim_adapter,1,1,s3,forward,11966.25,0,
measured_emulation_calibration,8,daim_adapter,1,1,s3,reverse,12550.459,0,
measured_emulation_calibration,8,daim_adapter,1,1,s4,forward,12116.292,0,
measured_emulation_calibration,8,daim_adapter,1,1,s4,reverse,12349.5,0,
measured_emulation_calibration,8,daim_adapter,1,1,s5,forward,12583.75,0,
measured_emulation_calibration,8,daim_adapter,1,1,s5,reverse,13224.042,0,
measured_emulation_calibration,8,daim_adapter,1,1,s6,forward,12715.042,0,
measured_emulation_calibration,8,daim_adapter,1,1,s6,reverse,12157.041,0,
measured_emulation_calibration,8,daim_adapter,1,1,s7,forward,12360.875,0,
measured_emulation_calibration,8,daim_adapter,1,1,s7,reverse,12600.667,0,
measured_emulation_calibration,8,daim_adapter,1,1,s8,forward,12664.333,0,
measured_emulation_calibration,8,daim_adapter,1,1,s8,reverse,12284.5,0,
measured_emulation_calibration,8,direct_ovs_ofctl,1,1,s1,forward,9066.5,0,
measured_emulation_calibration,8,direct_ovs_ofctl,1,1,s1,reverse,9233.25,0,
measured_emulation_calibration,8,direct_ovs_ofctl,1,1,s2,forward,9765.167,0,
measured_emulation_calibration,8,direct_ovs_ofctl,1,1,s2,reverse,9243.75,0,
measured_emulation_calibration,8,direct_ovs_ofctl,1,1,s3,forward,8986.042,0,
measured_emulation_calibration,8,direct_ovs_ofctl,1,1,s3,reverse,9224.25,0,
measured_emulation_calibration,8,direct_ovs_ofctl,1,1,s4,forward,9291.959,0,
measured_emulation_calibration,8,direct_ovs_ofctl,1,1,s4,reverse,9473.958,0,
measured_emulation_calibration,8,direct_ovs_ofctl,1,1,s5,forward,9291.958,0,
measured_emulation_calibration,8,direct_ovs_ofctl,1,1,s5,reverse,9128.708,0,
measured_emulation_calibration,8,direct_ovs_ofctl,1,1,s6,forward,9319.833,0,
measured_emulation_calibration,8,direct_ovs_ofctl,1,1,s6,reverse,8967.834,0,
measured_emulation_calibration,8,direct_ovs_ofctl,1,1,s7,forward,8938.083,0,
measured_emulation_calibration,8,direct_ovs_ofctl,1,1,s7,reverse,9085.5,0,
measured_emulation_calibration,8,direct_ovs_ofctl,1,1,s8,forward,9462.625,0,
measured_emulation_calibration,8,direct_ovs_ofctl,1,1,s8,reverse,9109.375,0,
measured_emulation_calibration,8,direct_ovs_ofctl,2,1,s1,forward,9490.208,0,
measured_emulation_calibration,8,direct_ovs_ofctl,2,1,s1,reverse,9321.708,0,
measured_emulation_calibration,8,direct_ovs_ofctl,2,1,s2,forward,9273.25,0,
measured_emulation_calibration,8,direct_ovs_ofctl,2,1,s2,reverse,9430.959,0,
measured_emulation_calibration,8,direct_ovs_ofctl,2,1,s3,forward,9608.167,0,
measured_emulation_calibration,8,direct_ovs_ofctl,2,1,s3,reverse,9750.791,0,
measured_emulation_calibration,8,direct_ovs_ofctl,2,1,s4,forward,9290.583,0,
measured_emulation_calibration,8,direct_ovs_ofctl,2,1,s4,reverse,9854.291,0,
measured_emulation_calibration,8,direct_ovs_ofctl,2,1,s5,forward,9949.375,0,
measured_emulation_calibration,8,direct_ovs_ofctl,2,1,s5,reverse,9256.916,0,
measured_emulation_calibration,8,direct_ovs_ofctl,2,1,s6,forward,8945.542,0,
measured_emulation_calibration,8,direct_ovs_ofctl,2,1,s6,reverse,9440.458,0,
measured_emulation_calibration,8,direct_ovs_ofctl,2,1,s7,forward,9701.167,0,
measured_emulation_calibration,8,direct_ovs_ofctl,2,1,s7,reverse,9290.917,0,
measured_emulation_calibration,8,direct_ovs_ofctl,2,1,s8,forward,9595.791,0,
measured_emulation_calibration,8,direct_ovs_ofctl,2,1,s8,reverse,9131.792,0,
measured_emulation_calibration,8,daim_adapter,2,1,s1,forward,13075.709,0,
measured_emulation_calibration,8,daim_adapter,2,1,s1,reverse,11742.583,0,
measured_emulation_calibration,8,daim_adapter,2,1,s2,forward,12802.375,0,
measured_emulation_calibration,8,daim_adapter,2,1,s2,reverse,12346.583,0,
measured_emulation_calibration,8,daim_adapter,2,1,s3,forward,12374.0,0,
measured_emulation_calibration,8,daim_adapter,2,1,s3,reverse,12474.667,0,
measured_emulation_calibration,8,daim_adapter,2,1,s4,forward,12031.625,0,
measured_emulation_calibration,8,daim_adapter,2,1,s4,reverse,13317.0,0,
measured_emulation_calibration,8,daim_adapter,2,1,s5,forward,12613.125,0,
measured_emulation_calibration,8,daim_adapter,2,1,s5,reverse,12506.208,0,
measured_emulation_calibration,8,daim_adapter,2,1,s6,forward,13034.584,0,
measured_emulation_calibration,8,daim_adapter,2,1,s6,reverse,13601.875,0,
measured_emulation_calibration,8,daim_adapter,2,1,s7,forward,13690.5,0,
measured_emulation_calibration,8,daim_adapter,2,1,s7,reverse,12857.792,0,
measured_emulation_calibration,8,daim_adapter,2,1,s8,forward,12113.208,0,
measured_emulation_calibration,8,daim_adapter,2,1,s8,reverse,12185.0,0,
measured_emulation_calibration,8,daim_adapter,3,1,s1,forward,12529.708,0,
measured_emulation_calibration,8,daim_adapter,3,1,s1,reverse,12755.666,0,
measured_emulation_calibration,8,daim_adapter,3,1,s2,forward,12142.75,0,
measured_emulation_calibration,8,daim_adapter,3,1,s2,reverse,12697.834,0,
measured_emulation_calibration,8,daim_adapter,3,1,s3,forward,12109.334,0,
measured_emulation_calibration,8,daim_adapter,3,1,s3,reverse,12738.083,0,
measured_emulation_calibration,8,daim_adapter,3,1,s4,forward,13356.041,0,
measured_emulation_calibration,8,daim_adapter,3,1,s4,reverse,12024.875,0,
measured_emulation_calibration,8,daim_adapter,3,1,s5,forward,13229.792,0,
measured_emulation_calibration,8,daim_adapter,3,1,s5,reverse,12323.0,0,
measured_emulation_calibration,8,daim_adapter,3,1,s6,forward,12220.417,0,
measured_emulation_calibration,8,daim_adapter,3,1,s6,reverse,12633.541,0,
measured_emulation_calibration,8,daim_adapter,3,1,s7,forward,12672.125,0,
measured_emulation_calibration,8,daim_adapter,3,1,s7,reverse,12839.958,0,
measured_emulation_calibration,8,daim_adapter,3,1,s8,forward,12827.375,0,
measured_emulation_calibration,8,daim_adapter,3,1,s8,reverse,12554.834,0,
measured_emulation_calibration,8,direct_ovs_ofctl,3,1,s1,forward,8880.958,0,
measured_emulation_calibration,8,direct_ovs_ofctl,3,1,s1,reverse,9172.375,0,
measured_emulation_calibration,8,direct_ovs_ofctl,3,1,s2,forward,9492.958,0,
measured_emulation_calibration,8,direct_ovs_ofctl,3,1,s2,reverse,9403.083,0,
measured_emulation_calibration,8,direct_ovs_ofctl,3,1,s3,forward,9196.042,0,
measured_emulation_calibration,8,direct_ovs_ofctl,3,1,s3,reverse,9884.917,0,
measured_emulation_calibration,8,direct_ovs_ofctl,3,1,s4,forward,9741.416,0,
measured_emulation_calibration,8,direct_ovs_ofctl,3,1,s4,reverse,9117.667,0,
measured_emulation_calibration,8,direct_ovs_ofctl,3,1,s5,forward,9834.917,0,
measured_emulation_calibration,8,direct_ovs_ofctl,3,1,s5,reverse,9163.916,0,
measured_emulation_calibration,8,direct_ovs_ofctl,3,1,s6,forward,9058.584,0,
measured_emulation_calibration,8,direct_ovs_ofctl,3,1,s6,reverse,9081.75,0,
measured_emulation_calibration,8,direct_ovs_ofctl,3,1,s7,forward,9281.209,0,
measured_emulation_calibration,8,direct_ovs_ofctl,3,1,s7,reverse,9039.875,0,
measured_emulation_calibration,8,direct_ovs_ofctl,3,1,s8,forward,9667.375,0,
measured_emulation_calibration,8,direct_ovs_ofctl,3,1,s8,reverse,9554.792,0,
measured_emulation_calibration,8,direct_ovs_ofctl,4,1,s1,forward,9704.917,0,
measured_emulation_calibration,8,direct_ovs_ofctl,4,1,s1,reverse,9358.917,0,
measured_emulation_calibration,8,direct_ovs_ofctl,4,1,s2,forward,9775.708,0,
measured_emulation_calibration,8,direct_ovs_ofctl,4,1,s2,reverse,9525.667,0,
measured_emulation_calibration,8,direct_ovs_ofctl,4,1,s3,forward,9478.5,0,
measured_emulation_calibration,8,direct_ovs_ofctl,4,1,s3,reverse,9727.375,0,
measured_emulation_calibration,8,direct_ovs_ofctl,4,1,s4,forward,9614.0,0,
measured_emulation_calibration,8,direct_ovs_ofctl,4,1,s4,reverse,9429.666,0,
measured_emulation_calibration,8,direct_ovs_ofctl,4,1,s5,forward,9814.542,0,
measured_emulation_calibration,8,direct_ovs_ofctl,4,1,s5,reverse,9508.75,0,
measured_emulation_calibration,8,direct_ovs_ofctl,4,1,s6,forward,8757.125,0,
measured_emulation_calibration,8,direct_ovs_ofctl,4,1,s6,reverse,9408.917,0,
measured_emulation_calibration,8,direct_ovs_ofctl,4,1,s7,forward,9394.917,0,
measured_emulation_calibration,8,direct_ovs_ofctl,4,1,s7,reverse,9710.5,0,
measured_emulation_calibration,8,direct_ovs_ofctl,4,1,s8,forward,9304.292,0,
measured_emulation_calibration,8,direct_ovs_ofctl,4,1,s8,reverse,9553.0,0,
measured_emulation_calibration,8,daim_adapter,4,1,s1,forward,13064.958,0,
measured_emulation_calibration,8,daim_adapter,4,1,s1,reverse,12554.125,0,
measured_emulation_calibration,8,daim_adapter,4,1,s2,forward,12330.625,0,
measured_emulation_calibration,8,daim_adapter,4,1,s2,reverse,12152.0,0,
measured_emulation_calibration,8,daim_adapter,4,1,s3,forward,14461.583,0,
measured_emulation_calibration,8,daim_adapter,4,1,s3,reverse,13034.541,0,
measured_emulation_calibration,8,daim_adapter,4,1,s4,forward,12571.708,0,
measured_emulation_calibration,8,daim_adapter,4,1,s4,reverse,12255.625,0,
measured_emulation_calibration,8,daim_adapter,4,1,s5,forward,12941.375,0,
measured_emulation_calibration,8,daim_adapter,4,1,s5,reverse,12834.791,0,
measured_emulation_calibration,8,daim_adapter,4,1,s6,forward,12268.583,0,
measured_emulation_calibration,8,daim_adapter,4,1,s6,reverse,11902.083,0,
measured_emulation_calibration,8,daim_adapter,4,1,s7,forward,12783.833,0,
measured_emulation_calibration,8,daim_adapter,4,1,s7,reverse,14197.333,0,
measured_emulation_calibration,8,daim_adapter,4,1,s8,forward,12894.333,0,
measured_emulation_calibration,8,daim_adapter,4,1,s8,reverse,11974.291,0,
measured_emulation_calibration,8,daim_adapter,5,1,s1,forward,12429.708,0,
measured_emulation_calibration,8,daim_adapter,5,1,s1,reverse,13597.708,0,
measured_emulation_calibration,8,daim_adapter,5,1,s2,forward,13105.542,0,
measured_emulation_calibration,8,daim_adapter,5,1,s2,reverse,13214.833,0,
measured_emulation_calibration,8,daim_adapter,5,1,s3,forward,13364.542,0,
measured_emulation_calibration,8,daim_adapter,5,1,s3,reverse,11806.291,0,
measured_emulation_calibration,8,daim_adapter,5,1,s4,forward,13078.791,0,
measured_emulation_calibration,8,daim_adapter,5,1,s4,reverse,12965.083,0,
measured_emulation_calibration,8,daim_adapter,5,1,s5,forward,12946.708,0,
measured_emulation_calibration,8,daim_adapter,5,1,s5,reverse,12382.792,0,
measured_emulation_calibration,8,daim_adapter,5,1,s6,forward,12534.208,0,
measured_emulation_calibration,8,daim_adapter,5,1,s6,reverse,11875.083,0,
measured_emulation_calibration,8,daim_adapter,5,1,s7,forward,12284.292,0,
measured_emulation_calibration,8,daim_adapter,5,1,s7,reverse,12156.857,0,
measured_emulation_calibration,8,daim_adapter,5,1,s8,forward,12084.725,0,
measured_emulation_calibration,8,daim_adapter,5,1,s8,reverse,11860.711,0,
measured_emulation_calibration,8,direct_ovs_ofctl,5,1,s1,forward,9378.164,0,
measured_emulation_calibration,8,direct_ovs_ofctl,5,1,s1,reverse,9362.701,0,
measured_emulation_calibration,8,direct_ovs_ofctl,5,1,s2,forward,9732.899,0,
measured_emulation_calibration,8,direct_ovs_ofctl,5,1,s2,reverse,9651.421,0,
measured_emulation_calibration,8,direct_ovs_ofctl,5,1,s3,forward,9286.298,0,
measured_emulation_calibration,8,direct_ovs_ofctl,5,1,s3,reverse,9609.512,0,
measured_emulation_calibration,8,direct_ovs_ofctl,5,1,s4,forward,8703.744,0,
measured_emulation_calibration,8,direct_ovs_ofctl,5,1,s4,reverse,9515.466,0,
measured_emulation_calibration,8,direct_ovs_ofctl,5,1,s5,forward,9716.365,0,
measured_emulation_calibration,8,direct_ovs_ofctl,5,1,s5,reverse,9021.01,0,
measured_emulation_calibration,8,direct_ovs_ofctl,5,1,s6,forward,8965.107,0,
measured_emulation_calibration,8,direct_ovs_ofctl,5,1,s6,reverse,9010.266,0,
measured_emulation_calibration,8,direct_ovs_ofctl,5,1,s7,forward,9405.006,0,
measured_emulation_calibration,8,direct_ovs_ofctl,5,1,s7,reverse,9798.437,0,
measured_emulation_calibration,8,direct_ovs_ofctl,5,1,s8,forward,9279.281,0,
measured_emulation_calibration,8,direct_ovs_ofctl,5,1,s8,reverse,9452.148,0,
measured_emulation_calibration,16,direct_ovs_ofctl,0,0,s1,forward,9256.839,0,
measured_emulation_calibration,16,direct_ovs_ofctl,0,0,s1,reverse,9296.227,0,
measured_emulation_calibration,16,direct_ovs_ofctl,0,0,s2,forward,9564.521,0,
measured_emulation_calibration,16,direct_ovs_ofctl,0,0,s2,reverse,9195.642,0,
measured_emulation_calibration,16,direct_ovs_ofctl,0,0,s3,forward,9333.599,0,
measured_emulation_calibration,16,direct_ovs_ofctl,0,0,s3,reverse,9440.473,0,
measured_emulation_calibration,16,direct_ovs_ofctl,0,0,s4,forward,8982.66,0,
measured_emulation_calibration,16,direct_ovs_ofctl,0,0,s4,reverse,9368.31,0,
measured_emulation_calibration,16,direct_ovs_ofctl,0,0,s5,forward,9580.324,0,
measured_emulation_calibration,16,direct_ovs_ofctl,0,0,s5,reverse,9315.457,0,
measured_emulation_calibration,16,direct_ovs_ofctl,0,0,s6,forward,8763.993,0,
measured_emulation_calibration,16,direct_ovs_ofctl,0,0,s6,reverse,9573.672,0,
measured_emulation_calibration,16,direct_ovs_ofctl,0,0,s7,forward,9655.229,0,
measured_emulation_calibration,16,direct_ovs_ofctl,0,0,s7,reverse,8935.653,0,
measured_emulation_calibration,16,direct_ovs_ofctl,0,0,s8,forward,10109.977,0,
measured_emulation_calibration,16,direct_ovs_ofctl,0,0,s8,reverse,8911.706,0,
measured_emulation_calibration,16,direct_ovs_ofctl,0,0,s9,forward,9985.083,0,
measured_emulation_calibration,16,direct_ovs_ofctl,0,0,s9,reverse,9596.893,0,
measured_emulation_calibration,16,direct_ovs_ofctl,0,0,s10,forward,9562.263,0,
measured_emulation_calibration,16,direct_ovs_ofctl,0,0,s10,reverse,10082.12,0,
measured_emulation_calibration,16,direct_ovs_ofctl,0,0,s11,forward,9534.889,0,
measured_emulation_calibration,16,direct_ovs_ofctl,0,0,s11,reverse,9485.141,0,
measured_emulation_calibration,16,direct_ovs_ofctl,0,0,s12,forward,9735.091,0,
measured_emulation_calibration,16,direct_ovs_ofctl,0,0,s12,reverse,9824.913,0,
measured_emulation_calibration,16,direct_ovs_ofctl,0,0,s13,forward,9754.402,0,
measured_emulation_calibration,16,direct_ovs_ofctl,0,0,s13,reverse,9417.372,0,
measured_emulation_calibration,16,direct_ovs_ofctl,0,0,s14,forward,9754.16,0,
measured_emulation_calibration,16,direct_ovs_ofctl,0,0,s14,reverse,10089.094,0,
measured_emulation_calibration,16,direct_ovs_ofctl,0,0,s15,forward,9504.653,0,
measured_emulation_calibration,16,direct_ovs_ofctl,0,0,s15,reverse,9262.806,0,
measured_emulation_calibration,16,direct_ovs_ofctl,0,0,s16,forward,9189.635,0,
measured_emulation_calibration,16,direct_ovs_ofctl,0,0,s16,reverse,9913.645,0,
measured_emulation_calibration,16,daim_adapter,0,0,s1,forward,13742.163,0,
measured_emulation_calibration,16,daim_adapter,0,0,s1,reverse,12904.626,0,
measured_emulation_calibration,16,daim_adapter,0,0,s2,forward,12401.782,0,
measured_emulation_calibration,16,daim_adapter,0,0,s2,reverse,12518.896,0,
measured_emulation_calibration,16,daim_adapter,0,0,s3,forward,12324.983,0,
measured_emulation_calibration,16,daim_adapter,0,0,s3,reverse,12391.945,0,
measured_emulation_calibration,16,daim_adapter,0,0,s4,forward,11997.587,0,
measured_emulation_calibration,16,daim_adapter,0,0,s4,reverse,12934.741,0,
measured_emulation_calibration,16,daim_adapter,0,0,s5,forward,11976.342,0,
measured_emulation_calibration,16,daim_adapter,0,0,s5,reverse,12434.437,0,
measured_emulation_calibration,16,daim_adapter,0,0,s6,forward,12196.661,0,
measured_emulation_calibration,16,daim_adapter,0,0,s6,reverse,12181.866,0,
measured_emulation_calibration,16,daim_adapter,0,0,s7,forward,11823.872,0,
measured_emulation_calibration,16,daim_adapter,0,0,s7,reverse,12207.506,0,
measured_emulation_calibration,16,daim_adapter,0,0,s8,forward,12069.59,0,
measured_emulation_calibration,16,daim_adapter,0,0,s8,reverse,12637.743,0,
measured_emulation_calibration,16,daim_adapter,0,0,s9,forward,13158.487,0,
measured_emulation_calibration,16,daim_adapter,0,0,s9,reverse,12413.222,0,
measured_emulation_calibration,16,daim_adapter,0,0,s10,forward,12190.265,0,
measured_emulation_calibration,16,daim_adapter,0,0,s10,reverse,12626.031,0,
measured_emulation_calibration,16,daim_adapter,0,0,s11,forward,12634.006,0,
measured_emulation_calibration,16,daim_adapter,0,0,s11,reverse,12805.697,0,
measured_emulation_calibration,16,daim_adapter,0,0,s12,forward,12884.762,0,
measured_emulation_calibration,16,daim_adapter,0,0,s12,reverse,12566.52,0,
measured_emulation_calibration,16,daim_adapter,0,0,s13,forward,13023.66,0,
measured_emulation_calibration,16,daim_adapter,0,0,s13,reverse,12271.718,0,
measured_emulation_calibration,16,daim_adapter,0,0,s14,forward,12029.14,0,
measured_emulation_calibration,16,daim_adapter,0,0,s14,reverse,12488.912,0,
measured_emulation_calibration,16,daim_adapter,0,0,s15,forward,12888.851,0,
measured_emulation_calibration,16,daim_adapter,0,0,s15,reverse,15014.969,0,
measured_emulation_calibration,16,daim_adapter,0,0,s16,forward,11946.027,0,
measured_emulation_calibration,16,daim_adapter,0,0,s16,reverse,12339.204,0,
measured_emulation_calibration,16,daim_adapter,1,1,s1,forward,12040.233,0,
measured_emulation_calibration,16,daim_adapter,1,1,s1,reverse,11994.446,0,
measured_emulation_calibration,16,daim_adapter,1,1,s2,forward,12149.458,0,
measured_emulation_calibration,16,daim_adapter,1,1,s2,reverse,12004.688,0,
measured_emulation_calibration,16,daim_adapter,1,1,s3,forward,12957.632,0,
measured_emulation_calibration,16,daim_adapter,1,1,s3,reverse,12500.613,0,
measured_emulation_calibration,16,daim_adapter,1,1,s4,forward,12575.224,0,
measured_emulation_calibration,16,daim_adapter,1,1,s4,reverse,12574.86,0,
measured_emulation_calibration,16,daim_adapter,1,1,s5,forward,12677.81,0,
measured_emulation_calibration,16,daim_adapter,1,1,s5,reverse,13654.881,0,
measured_emulation_calibration,16,daim_adapter,1,1,s6,forward,12439.361,0,
measured_emulation_calibration,16,daim_adapter,1,1,s6,reverse,12215.932,0,
measured_emulation_calibration,16,daim_adapter,1,1,s7,forward,11998.94,0,
measured_emulation_calibration,16,daim_adapter,1,1,s7,reverse,12391.347,0,
measured_emulation_calibration,16,daim_adapter,1,1,s8,forward,12557.249,0,
measured_emulation_calibration,16,daim_adapter,1,1,s8,reverse,12979.696,0,
measured_emulation_calibration,16,daim_adapter,1,1,s9,forward,12241.962,0,
measured_emulation_calibration,16,daim_adapter,1,1,s9,reverse,12727.443,0,
measured_emulation_calibration,16,daim_adapter,1,1,s10,forward,12592.227,0,
measured_emulation_calibration,16,daim_adapter,1,1,s10,reverse,12671.494,0,
measured_emulation_calibration,16,daim_adapter,1,1,s11,forward,12351.39,0,
measured_emulation_calibration,16,daim_adapter,1,1,s11,reverse,12354.912,0,
measured_emulation_calibration,16,daim_adapter,1,1,s12,forward,12309.166,0,
measured_emulation_calibration,16,daim_adapter,1,1,s12,reverse,12365.762,0,
measured_emulation_calibration,16,daim_adapter,1,1,s13,forward,13356.638,0,
measured_emulation_calibration,16,daim_adapter,1,1,s13,reverse,12531.218,0,
measured_emulation_calibration,16,daim_adapter,1,1,s14,forward,12409.646,0,
measured_emulation_calibration,16,daim_adapter,1,1,s14,reverse,12297.344,0,
measured_emulation_calibration,16,daim_adapter,1,1,s15,forward,12395.274,0,
measured_emulation_calibration,16,daim_adapter,1,1,s15,reverse,11573.942,0,
measured_emulation_calibration,16,daim_adapter,1,1,s16,forward,12989.209,0,
measured_emulation_calibration,16,daim_adapter,1,1,s16,reverse,12060.961,0,
measured_emulation_calibration,16,direct_ovs_ofctl,1,1,s1,forward,11219.347,0,
measured_emulation_calibration,16,direct_ovs_ofctl,1,1,s1,reverse,9600.771,0,
measured_emulation_calibration,16,direct_ovs_ofctl,1,1,s2,forward,9367.909,0,
measured_emulation_calibration,16,direct_ovs_ofctl,1,1,s2,reverse,9419.081,0,
measured_emulation_calibration,16,direct_ovs_ofctl,1,1,s3,forward,9568.91,0,
measured_emulation_calibration,16,direct_ovs_ofctl,1,1,s3,reverse,9324.915,0,
measured_emulation_calibration,16,direct_ovs_ofctl,1,1,s4,forward,8673.048,0,
measured_emulation_calibration,16,direct_ovs_ofctl,1,1,s4,reverse,10354.9,0,
measured_emulation_calibration,16,direct_ovs_ofctl,1,1,s5,forward,9216.987,0,
measured_emulation_calibration,16,direct_ovs_ofctl,1,1,s5,reverse,9602.277,0,
measured_emulation_calibration,16,direct_ovs_ofctl,1,1,s6,forward,10225.323,0,
measured_emulation_calibration,16,direct_ovs_ofctl,1,1,s6,reverse,9301.281,0,
measured_emulation_calibration,16,direct_ovs_ofctl,1,1,s7,forward,10350.915,0,
measured_emulation_calibration,16,direct_ovs_ofctl,1,1,s7,reverse,9195.518,0,
measured_emulation_calibration,16,direct_ovs_ofctl,1,1,s8,forward,11379.298,0,
measured_emulation_calibration,16,direct_ovs_ofctl,1,1,s8,reverse,9652.703,0,
measured_emulation_calibration,16,direct_ovs_ofctl,1,1,s9,forward,9605.855,0,
measured_emulation_calibration,16,direct_ovs_ofctl,1,1,s9,reverse,9162.85,0,
measured_emulation_calibration,16,direct_ovs_ofctl,1,1,s10,forward,9399.041,0,
measured_emulation_calibration,16,direct_ovs_ofctl,1,1,s10,reverse,9287.02,0,
measured_emulation_calibration,16,direct_ovs_ofctl,1,1,s11,forward,9493.469,0,
measured_emulation_calibration,16,direct_ovs_ofctl,1,1,s11,reverse,9501.188,0,
measured_emulation_calibration,16,direct_ovs_ofctl,1,1,s12,forward,9492.005,0,
measured_emulation_calibration,16,direct_ovs_ofctl,1,1,s12,reverse,9540.561,0,
measured_emulation_calibration,16,direct_ovs_ofctl,1,1,s13,forward,9189.992,0,
measured_emulation_calibration,16,direct_ovs_ofctl,1,1,s13,reverse,9842.047,0,
measured_emulation_calibration,16,direct_ovs_ofctl,1,1,s14,forward,9681.998,0,
measured_emulation_calibration,16,direct_ovs_ofctl,1,1,s14,reverse,9441.297,0,
measured_emulation_calibration,16,direct_ovs_ofctl,1,1,s15,forward,9096.987,0,
measured_emulation_calibration,16,direct_ovs_ofctl,1,1,s15,reverse,9716.78,0,
measured_emulation_calibration,16,direct_ovs_ofctl,1,1,s16,forward,9024.499,0,
measured_emulation_calibration,16,direct_ovs_ofctl,1,1,s16,reverse,9548.605,0,
measured_emulation_calibration,16,direct_ovs_ofctl,2,1,s1,forward,9430.612,0,
measured_emulation_calibration,16,direct_ovs_ofctl,2,1,s1,reverse,9339.068,0,
measured_emulation_calibration,16,direct_ovs_ofctl,2,1,s2,forward,9920.668,0,
measured_emulation_calibration,16,direct_ovs_ofctl,2,1,s2,reverse,10213.012,0,
measured_emulation_calibration,16,direct_ovs_ofctl,2,1,s3,forward,9688.906,0,
measured_emulation_calibration,16,direct_ovs_ofctl,2,1,s3,reverse,9007.556,0,
measured_emulation_calibration,16,direct_ovs_ofctl,2,1,s4,forward,9635.435,0,
measured_emulation_calibration,16,direct_ovs_ofctl,2,1,s4,reverse,10315.81,0,
measured_emulation_calibration,16,direct_ovs_ofctl,2,1,s5,forward,9787.397,0,
measured_emulation_calibration,16,direct_ovs_ofctl,2,1,s5,reverse,9200.922,0,
measured_emulation_calibration,16,direct_ovs_ofctl,2,1,s6,forward,9210.633,0,
measured_emulation_calibration,16,direct_ovs_ofctl,2,1,s6,reverse,9357.191,0,
measured_emulation_calibration,16,direct_ovs_ofctl,2,1,s7,forward,9346.342,0,
measured_emulation_calibration,16,direct_ovs_ofctl,2,1,s7,reverse,9960.202,0,
measured_emulation_calibration,16,direct_ovs_ofctl,2,1,s8,forward,10370.621,0,
measured_emulation_calibration,16,direct_ovs_ofctl,2,1,s8,reverse,9381.244,0,
measured_emulation_calibration,16,direct_ovs_ofctl,2,1,s9,forward,9956.261,0,
measured_emulation_calibration,16,direct_ovs_ofctl,2,1,s9,reverse,9926.519,0,
measured_emulation_calibration,16,direct_ovs_ofctl,2,1,s10,forward,9274.749,0,
measured_emulation_calibration,16,direct_ovs_ofctl,2,1,s10,reverse,9340.247,0,
measured_emulation_calibration,16,direct_ovs_ofctl,2,1,s11,forward,9655.06,0,
measured_emulation_calibration,16,direct_ovs_ofctl,2,1,s11,reverse,9781.952,0,
measured_emulation_calibration,16,direct_ovs_ofctl,2,1,s12,forward,8533.021,0,
measured_emulation_calibration,16,direct_ovs_ofctl,2,1,s12,reverse,9745.587,0,
measured_emulation_calibration,16,direct_ovs_ofctl,2,1,s13,forward,9535.035,0,
measured_emulation_calibration,16,direct_ovs_ofctl,2,1,s13,reverse,9206.082,0,
measured_emulation_calibration,16,direct_ovs_ofctl,2,1,s14,forward,9710.563,0,
measured_emulation_calibration,16,direct_ovs_ofctl,2,1,s14,reverse,9396.847,0,
measured_emulation_calibration,16,direct_ovs_ofctl,2,1,s15,forward,9538.0,0,
measured_emulation_calibration,16,direct_ovs_ofctl,2,1,s15,reverse,9609.634,0,
measured_emulation_calibration,16,direct_ovs_ofctl,2,1,s16,forward,9630.64,0,
measured_emulation_calibration,16,direct_ovs_ofctl,2,1,s16,reverse,9420.819,0,
measured_emulation_calibration,16,daim_adapter,2,1,s1,forward,12414.467,0,
measured_emulation_calibration,16,daim_adapter,2,1,s1,reverse,12265.146,0,
measured_emulation_calibration,16,daim_adapter,2,1,s2,forward,12603.119,0,
measured_emulation_calibration,16,daim_adapter,2,1,s2,reverse,12681.74,0,
measured_emulation_calibration,16,daim_adapter,2,1,s3,forward,11801.703,0,
measured_emulation_calibration,16,daim_adapter,2,1,s3,reverse,12683.529,0,
measured_emulation_calibration,16,daim_adapter,2,1,s4,forward,12666.91,0,
measured_emulation_calibration,16,daim_adapter,2,1,s4,reverse,12404.066,0,
measured_emulation_calibration,16,daim_adapter,2,1,s5,forward,12515.517,0,
measured_emulation_calibration,16,daim_adapter,2,1,s5,reverse,12679.669,0,
measured_emulation_calibration,16,daim_adapter,2,1,s6,forward,12721.641,0,
measured_emulation_calibration,16,daim_adapter,2,1,s6,reverse,12692.955,0,
measured_emulation_calibration,16,daim_adapter,2,1,s7,forward,13365.188,0,
measured_emulation_calibration,16,daim_adapter,2,1,s7,reverse,11988.105,0,
measured_emulation_calibration,16,daim_adapter,2,1,s8,forward,13127.942,0,
measured_emulation_calibration,16,daim_adapter,2,1,s8,reverse,12802.141,0,
measured_emulation_calibration,16,daim_adapter,2,1,s9,forward,12927.97,0,
measured_emulation_calibration,16,daim_adapter,2,1,s9,reverse,12801.978,0,
measured_emulation_calibration,16,daim_adapter,2,1,s10,forward,12114.668,0,
measured_emulation_calibration,16,daim_adapter,2,1,s10,reverse,12090.986,0,
measured_emulation_calibration,16,daim_adapter,2,1,s11,forward,11992.06,0,
measured_emulation_calibration,16,daim_adapter,2,1,s11,reverse,12691.393,0,
measured_emulation_calibration,16,daim_adapter,2,1,s12,forward,12348.106,0,
measured_emulation_calibration,16,daim_adapter,2,1,s12,reverse,11936.176,0,
measured_emulation_calibration,16,daim_adapter,2,1,s13,forward,12914.641,0,
measured_emulation_calibration,16,daim_adapter,2,1,s13,reverse,12392.291,0,
measured_emulation_calibration,16,daim_adapter,2,1,s14,forward,12101.624,0,
measured_emulation_calibration,16,daim_adapter,2,1,s14,reverse,12133.499,0,
measured_emulation_calibration,16,daim_adapter,2,1,s15,forward,12863.486,0,
measured_emulation_calibration,16,daim_adapter,2,1,s15,reverse,12250.075,0,
measured_emulation_calibration,16,daim_adapter,2,1,s16,forward,22538.981,0,
measured_emulation_calibration,16,daim_adapter,2,1,s16,reverse,12687.848,0,
measured_emulation_calibration,16,daim_adapter,3,1,s1,forward,12399.423,0,
measured_emulation_calibration,16,daim_adapter,3,1,s1,reverse,12822.359,0,
measured_emulation_calibration,16,daim_adapter,3,1,s2,forward,13228.377,0,
measured_emulation_calibration,16,daim_adapter,3,1,s2,reverse,12379.654,0,
measured_emulation_calibration,16,daim_adapter,3,1,s3,forward,12460.198,0,
measured_emulation_calibration,16,daim_adapter,3,1,s3,reverse,12229.859,0,
measured_emulation_calibration,16,daim_adapter,3,1,s4,forward,13479.913,0,
measured_emulation_calibration,16,daim_adapter,3,1,s4,reverse,12873.921,0,
measured_emulation_calibration,16,daim_adapter,3,1,s5,forward,12276.856,0,
measured_emulation_calibration,16,daim_adapter,3,1,s5,reverse,11910.415,0,
measured_emulation_calibration,16,daim_adapter,3,1,s6,forward,12211.638,0,
measured_emulation_calibration,16,daim_adapter,3,1,s6,reverse,12133.5,0,
measured_emulation_calibration,16,daim_adapter,3,1,s7,forward,12593.282,0,
measured_emulation_calibration,16,daim_adapter,3,1,s7,reverse,11913.676,0,
measured_emulation_calibration,16,daim_adapter,3,1,s8,forward,12401.95,0,
measured_emulation_calibration,16,daim_adapter,3,1,s8,reverse,12341.421,0,
measured_emulation_calibration,16,daim_adapter,3,1,s9,forward,12732.073,0,
measured_emulation_calibration,16,daim_adapter,3,1,s9,reverse,12815.592,0,
measured_emulation_calibration,16,daim_adapter,3,1,s10,forward,12273.064,0,
measured_emulation_calibration,16,daim_adapter,3,1,s10,reverse,12172.426,0,
measured_emulation_calibration,16,daim_adapter,3,1,s11,forward,12311.054,0,
measured_emulation_calibration,16,daim_adapter,3,1,s11,reverse,12294.219,0,
measured_emulation_calibration,16,daim_adapter,3,1,s12,forward,12010.116,0,
measured_emulation_calibration,16,daim_adapter,3,1,s12,reverse,12151.923,0,
measured_emulation_calibration,16,daim_adapter,3,1,s13,forward,13376.666,0,
measured_emulation_calibration,16,daim_adapter,3,1,s13,reverse,12625.198,0,
measured_emulation_calibration,16,daim_adapter,3,1,s14,forward,12004.328,0,
measured_emulation_calibration,16,daim_adapter,3,1,s14,reverse,12329.03,0,
measured_emulation_calibration,16,daim_adapter,3,1,s15,forward,12026.135,0,
measured_emulation_calibration,16,daim_adapter,3,1,s15,reverse,12305.266,0,
measured_emulation_calibration,16,daim_adapter,3,1,s16,forward,11831.543,0,
measured_emulation_calibration,16,daim_adapter,3,1,s16,reverse,12028.173,0,
measured_emulation_calibration,16,direct_ovs_ofctl,3,1,s1,forward,9703.905,0,
measured_emulation_calibration,16,direct_ovs_ofctl,3,1,s1,reverse,9352.425,0,
measured_emulation_calibration,16,direct_ovs_ofctl,3,1,s2,forward,9826.176,0,
measured_emulation_calibration,16,direct_ovs_ofctl,3,1,s2,reverse,10159.998,0,
measured_emulation_calibration,16,direct_ovs_ofctl,3,1,s3,forward,9844.817,0,
measured_emulation_calibration,16,direct_ovs_ofctl,3,1,s3,reverse,9729.593,0,
measured_emulation_calibration,16,direct_ovs_ofctl,3,1,s4,forward,9521.543,0,
measured_emulation_calibration,16,direct_ovs_ofctl,3,1,s4,reverse,9327.065,0,
measured_emulation_calibration,16,direct_ovs_ofctl,3,1,s5,forward,9162.996,0,
measured_emulation_calibration,16,direct_ovs_ofctl,3,1,s5,reverse,9812.853,0,
measured_emulation_calibration,16,direct_ovs_ofctl,3,1,s6,forward,9250.385,0,
measured_emulation_calibration,16,direct_ovs_ofctl,3,1,s6,reverse,9283.943,0,
measured_emulation_calibration,16,direct_ovs_ofctl,3,1,s7,forward,8828.4,0,
measured_emulation_calibration,16,direct_ovs_ofctl,3,1,s7,reverse,9554.489,0,
measured_emulation_calibration,16,direct_ovs_ofctl,3,1,s8,forward,9937.07,0,
measured_emulation_calibration,16,direct_ovs_ofctl,3,1,s8,reverse,11977.465,0,
measured_emulation_calibration,16,direct_ovs_ofctl,3,1,s9,forward,9870.404,0,
measured_emulation_calibration,16,direct_ovs_ofctl,3,1,s9,reverse,10074.529,0,
measured_emulation_calibration,16,direct_ovs_ofctl,3,1,s10,forward,8774.283,0,
measured_emulation_calibration,16,direct_ovs_ofctl,3,1,s10,reverse,10597.473,0,
measured_emulation_calibration,16,direct_ovs_ofctl,3,1,s11,forward,9778.11,0,
measured_emulation_calibration,16,direct_ovs_ofctl,3,1,s11,reverse,9719.66,0,
measured_emulation_calibration,16,direct_ovs_ofctl,3,1,s12,forward,9420.094,0,
measured_emulation_calibration,16,direct_ovs_ofctl,3,1,s12,reverse,9202.889,0,
measured_emulation_calibration,16,direct_ovs_ofctl,3,1,s13,forward,9641.632,0,
measured_emulation_calibration,16,direct_ovs_ofctl,3,1,s13,reverse,9784.691,0,
measured_emulation_calibration,16,direct_ovs_ofctl,3,1,s14,forward,9651.687,0,
measured_emulation_calibration,16,direct_ovs_ofctl,3,1,s14,reverse,9345.867,0,
measured_emulation_calibration,16,direct_ovs_ofctl,3,1,s15,forward,9026.395,0,
measured_emulation_calibration,16,direct_ovs_ofctl,3,1,s15,reverse,10116.058,0,
measured_emulation_calibration,16,direct_ovs_ofctl,3,1,s16,forward,9563.399,0,
measured_emulation_calibration,16,direct_ovs_ofctl,3,1,s16,reverse,9393.648,0,
measured_emulation_calibration,16,direct_ovs_ofctl,4,1,s1,forward,8796.069,0,
measured_emulation_calibration,16,direct_ovs_ofctl,4,1,s1,reverse,9703.434,0,
measured_emulation_calibration,16,direct_ovs_ofctl,4,1,s2,forward,9863.211,0,
measured_emulation_calibration,16,direct_ovs_ofctl,4,1,s2,reverse,9262.769,0,
measured_emulation_calibration,16,direct_ovs_ofctl,4,1,s3,forward,9462.112,0,
measured_emulation_calibration,16,direct_ovs_ofctl,4,1,s3,reverse,8939.455,0,
measured_emulation_calibration,16,direct_ovs_ofctl,4,1,s4,forward,10127.871,0,
measured_emulation_calibration,16,direct_ovs_ofctl,4,1,s4,reverse,9229.621,0,
measured_emulation_calibration,16,direct_ovs_ofctl,4,1,s5,forward,9226.841,0,
measured_emulation_calibration,16,direct_ovs_ofctl,4,1,s5,reverse,9957.957,0,
measured_emulation_calibration,16,direct_ovs_ofctl,4,1,s6,forward,9116.44,0,
measured_emulation_calibration,16,direct_ovs_ofctl,4,1,s6,reverse,9303.48,0,
measured_emulation_calibration,16,direct_ovs_ofctl,4,1,s7,forward,9026.681,0,
measured_emulation_calibration,16,direct_ovs_ofctl,4,1,s7,reverse,9683.487,0,
measured_emulation_calibration,16,direct_ovs_ofctl,4,1,s8,forward,9841.465,0,
measured_emulation_calibration,16,direct_ovs_ofctl,4,1,s8,reverse,10559.133,0,
measured_emulation_calibration,16,direct_ovs_ofctl,4,1,s9,forward,10311.149,0,
measured_emulation_calibration,16,direct_ovs_ofctl,4,1,s9,reverse,9386.741,0,
measured_emulation_calibration,16,direct_ovs_ofctl,4,1,s10,forward,9543.738,0,
measured_emulation_calibration,16,direct_ovs_ofctl,4,1,s10,reverse,10321.777,0,
measured_emulation_calibration,16,direct_ovs_ofctl,4,1,s11,forward,9559.311,0,
measured_emulation_calibration,16,direct_ovs_ofctl,4,1,s11,reverse,9722.358,0,
measured_emulation_calibration,16,direct_ovs_ofctl,4,1,s12,forward,9282.757,0,
measured_emulation_calibration,16,direct_ovs_ofctl,4,1,s12,reverse,9044.134,0,
measured_emulation_calibration,16,direct_ovs_ofctl,4,1,s13,forward,8897.478,0,
measured_emulation_calibration,16,direct_ovs_ofctl,4,1,s13,reverse,9884.424,0,
measured_emulation_calibration,16,direct_ovs_ofctl,4,1,s14,forward,9809.053,0,
measured_emulation_calibration,16,direct_ovs_ofctl,4,1,s14,reverse,8687.548,0,
measured_emulation_calibration,16,direct_ovs_ofctl,4,1,s15,forward,9059.503,0,
measured_emulation_calibration,16,direct_ovs_ofctl,4,1,s15,reverse,8758.015,0,
measured_emulation_calibration,16,direct_ovs_ofctl,4,1,s16,forward,9971.935,0,
measured_emulation_calibration,16,direct_ovs_ofctl,4,1,s16,reverse,9004.65,0,
measured_emulation_calibration,16,daim_adapter,4,1,s1,forward,13391.913,0,
measured_emulation_calibration,16,daim_adapter,4,1,s1,reverse,12989.957,0,
measured_emulation_calibration,16,daim_adapter,4,1,s2,forward,13023.148,0,
measured_emulation_calibration,16,daim_adapter,4,1,s2,reverse,12928.565,0,
measured_emulation_calibration,16,daim_adapter,4,1,s3,forward,11549.677,0,
measured_emulation_calibration,16,daim_adapter,4,1,s3,reverse,13124.352,0,
measured_emulation_calibration,16,daim_adapter,4,1,s4,forward,12615.277,0,
measured_emulation_calibration,16,daim_adapter,4,1,s4,reverse,12775.357,0,
measured_emulation_calibration,16,daim_adapter,4,1,s5,forward,12193.579,0,
measured_emulation_calibration,16,daim_adapter,4,1,s5,reverse,12943.552,0,
measured_emulation_calibration,16,daim_adapter,4,1,s6,forward,12123.187,0,
measured_emulation_calibration,16,daim_adapter,4,1,s6,reverse,12610.85,0,
measured_emulation_calibration,16,daim_adapter,4,1,s7,forward,12493.052,0,
measured_emulation_calibration,16,daim_adapter,4,1,s7,reverse,12723.157,0,
measured_emulation_calibration,16,daim_adapter,4,1,s8,forward,12705.662,0,
measured_emulation_calibration,16,daim_adapter,4,1,s8,reverse,13223.973,0,
measured_emulation_calibration,16,daim_adapter,4,1,s9,forward,12718.978,0,
measured_emulation_calibration,16,daim_adapter,4,1,s9,reverse,12366.281,0,
measured_emulation_calibration,16,daim_adapter,4,1,s10,forward,12896.105,0,
measured_emulation_calibration,16,daim_adapter,4,1,s10,reverse,12323.587,0,
measured_emulation_calibration,16,daim_adapter,4,1,s11,forward,12448.555,0,
measured_emulation_calibration,16,daim_adapter,4,1,s11,reverse,13088.146,0,
measured_emulation_calibration,16,daim_adapter,4,1,s12,forward,12780.847,0,
measured_emulation_calibration,16,daim_adapter,4,1,s12,reverse,12940.356,0,
measured_emulation_calibration,16,daim_adapter,4,1,s13,forward,13092.53,0,
measured_emulation_calibration,16,daim_adapter,4,1,s13,reverse,13009.929,0,
measured_emulation_calibration,16,daim_adapter,4,1,s14,forward,11633.476,0,
measured_emulation_calibration,16,daim_adapter,4,1,s14,reverse,11694.853,0,
measured_emulation_calibration,16,daim_adapter,4,1,s15,forward,12680.463,0,
measured_emulation_calibration,16,daim_adapter,4,1,s15,reverse,12278.967,0,
measured_emulation_calibration,16,daim_adapter,4,1,s16,forward,12958.713,0,
measured_emulation_calibration,16,daim_adapter,4,1,s16,reverse,12720.986,0,
measured_emulation_calibration,16,daim_adapter,5,1,s1,forward,12369.804,0,
measured_emulation_calibration,16,daim_adapter,5,1,s1,reverse,12281.262,0,
measured_emulation_calibration,16,daim_adapter,5,1,s2,forward,11965.522,0,
measured_emulation_calibration,16,daim_adapter,5,1,s2,reverse,12377.384,0,
measured_emulation_calibration,16,daim_adapter,5,1,s3,forward,13146.082,0,
measured_emulation_calibration,16,daim_adapter,5,1,s3,reverse,12558.609,0,
measured_emulation_calibration,16,daim_adapter,5,1,s4,forward,12660.427,0,
measured_emulation_calibration,16,daim_adapter,5,1,s4,reverse,12200.544,0,
measured_emulation_calibration,16,daim_adapter,5,1,s5,forward,13010.585,0,
measured_emulation_calibration,16,daim_adapter,5,1,s5,reverse,12621.298,0,
measured_emulation_calibration,16,daim_adapter,5,1,s6,forward,13702.13,0,
measured_emulation_calibration,16,daim_adapter,5,1,s6,reverse,12539.065,0,
measured_emulation_calibration,16,daim_adapter,5,1,s7,forward,12217.794,0,
measured_emulation_calibration,16,daim_adapter,5,1,s7,reverse,12781.34,0,
measured_emulation_calibration,16,daim_adapter,5,1,s8,forward,12572.335,0,
measured_emulation_calibration,16,daim_adapter,5,1,s8,reverse,12237.215,0,
measured_emulation_calibration,16,daim_adapter,5,1,s9,forward,12701.155,0,
measured_emulation_calibration,16,daim_adapter,5,1,s9,reverse,13175.255,0,
measured_emulation_calibration,16,daim_adapter,5,1,s10,forward,12474.45,0,
measured_emulation_calibration,16,daim_adapter,5,1,s10,reverse,13311.328,0,
measured_emulation_calibration,16,daim_adapter,5,1,s11,forward,12550.742,0,
measured_emulation_calibration,16,daim_adapter,5,1,s11,reverse,12494.814,0,
measured_emulation_calibration,16,daim_adapter,5,1,s12,forward,13128.546,0,
measured_emulation_calibration,16,daim_adapter,5,1,s12,reverse,13036.971,0,
measured_emulation_calibration,16,daim_adapter,5,1,s13,forward,12875.742,0,
measured_emulation_calibration,16,daim_adapter,5,1,s13,reverse,12050.09,0,
measured_emulation_calibration,16,daim_adapter,5,1,s14,forward,12461.175,0,
measured_emulation_calibration,16,daim_adapter,5,1,s14,reverse,13348.777,0,
measured_emulation_calibration,16,daim_adapter,5,1,s15,forward,12657.887,0,
measured_emulation_calibration,16,daim_adapter,5,1,s15,reverse,11501.05,0,
measured_emulation_calibration,16,daim_adapter,5,1,s16,forward,12219.556,0,
measured_emulation_calibration,16,daim_adapter,5,1,s16,reverse,12514.317,0,
measured_emulation_calibration,16,direct_ovs_ofctl,5,1,s1,forward,9129.17,0,
measured_emulation_calibration,16,direct_ovs_ofctl,5,1,s1,reverse,8980.697,0,
measured_emulation_calibration,16,direct_ovs_ofctl,5,1,s2,forward,9300.266,0,
measured_emulation_calibration,16,direct_ovs_ofctl,5,1,s2,reverse,9971.308,0,
measured_emulation_calibration,16,direct_ovs_ofctl,5,1,s3,forward,9496.779,0,
measured_emulation_calibration,16,direct_ovs_ofctl,5,1,s3,reverse,9405.502,0,
measured_emulation_calibration,16,direct_ovs_ofctl,5,1,s4,forward,9978.082,0,
measured_emulation_calibration,16,direct_ovs_ofctl,5,1,s4,reverse,9558.737,0,
measured_emulation_calibration,16,direct_ovs_ofctl,5,1,s5,forward,9552.866,0,
measured_emulation_calibration,16,direct_ovs_ofctl,5,1,s5,reverse,9532.788,0,
measured_emulation_calibration,16,direct_ovs_ofctl,5,1,s6,forward,9309.546,0,
measured_emulation_calibration,16,direct_ovs_ofctl,5,1,s6,reverse,9068.771,0,
measured_emulation_calibration,16,direct_ovs_ofctl,5,1,s7,forward,9736.978,0,
measured_emulation_calibration,16,direct_ovs_ofctl,5,1,s7,reverse,9217.571,0,
measured_emulation_calibration,16,direct_ovs_ofctl,5,1,s8,forward,9208.497,0,
measured_emulation_calibration,16,direct_ovs_ofctl,5,1,s8,reverse,9824.272,0,
measured_emulation_calibration,16,direct_ovs_ofctl,5,1,s9,forward,9928.359,0,
measured_emulation_calibration,16,direct_ovs_ofctl,5,1,s9,reverse,9534.841,0,
measured_emulation_calibration,16,direct_ovs_ofctl,5,1,s10,forward,9466.722,0,
measured_emulation_calibration,16,direct_ovs_ofctl,5,1,s10,reverse,9407.843,0,
measured_emulation_calibration,16,direct_ovs_ofctl,5,1,s11,forward,9885.697,0,
measured_emulation_calibration,16,direct_ovs_ofctl,5,1,s11,reverse,9341.161,0,
measured_emulation_calibration,16,direct_ovs_ofctl,5,1,s12,forward,9371.505,0,
measured_emulation_calibration,16,direct_ovs_ofctl,5,1,s12,reverse,9553.975,0,
measured_emulation_calibration,16,direct_ovs_ofctl,5,1,s13,forward,9920.886,0,
measured_emulation_calibration,16,direct_ovs_ofctl,5,1,s13,reverse,9415.521,0,
measured_emulation_calibration,16,direct_ovs_ofctl,5,1,s14,forward,9340.792,0,
measured_emulation_calibration,16,direct_ovs_ofctl,5,1,s14,reverse,9500.556,0,
measured_emulation_calibration,16,direct_ovs_ofctl,5,1,s15,forward,9637.655,0,
measured_emulation_calibration,16,direct_ovs_ofctl,5,1,s15,reverse,10024.808,0,
measured_emulation_calibration,16,direct_ovs_ofctl,5,1,s16,forward,9978.78,0,
measured_emulation_calibration,16,direct_ovs_ofctl,5,1,s16,reverse,8971.171,0,
measured_emulation_calibration,32,direct_ovs_ofctl,0,0,s1,forward,10079.506,0,
measured_emulation_calibration,32,direct_ovs_ofctl,0,0,s1,reverse,10080.125,0,
measured_emulation_calibration,32,direct_ovs_ofctl,0,0,s2,forward,9781.158,0,
measured_emulation_calibration,32,direct_ovs_ofctl,0,0,s2,reverse,9964.868,0,
measured_emulation_calibration,32,direct_ovs_ofctl,0,0,s3,forward,9754.099,0,
measured_emulation_calibration,32,direct_ovs_ofctl,0,0,s3,reverse,10064.634,0,
measured_emulation_calibration,32,direct_ovs_ofctl,0,0,s4,forward,9804.664,0,
measured_emulation_calibration,32,direct_ovs_ofctl,0,0,s4,reverse,9619.136,0,
measured_emulation_calibration,32,direct_ovs_ofctl,0,0,s5,forward,9832.095,0,
measured_emulation_calibration,32,direct_ovs_ofctl,0,0,s5,reverse,9843.91,0,
measured_emulation_calibration,32,direct_ovs_ofctl,0,0,s6,forward,9876.05,0,
measured_emulation_calibration,32,direct_ovs_ofctl,0,0,s6,reverse,9506.399,0,
measured_emulation_calibration,32,direct_ovs_ofctl,0,0,s7,forward,10070.293,0,
measured_emulation_calibration,32,direct_ovs_ofctl,0,0,s7,reverse,10155.27,0,
measured_emulation_calibration,32,direct_ovs_ofctl,0,0,s8,forward,9722.042,0,
measured_emulation_calibration,32,direct_ovs_ofctl,0,0,s8,reverse,10630.801,0,
measured_emulation_calibration,32,direct_ovs_ofctl,0,0,s9,forward,10065.502,0,
measured_emulation_calibration,32,direct_ovs_ofctl,0,0,s9,reverse,10052.076,0,
measured_emulation_calibration,32,direct_ovs_ofctl,0,0,s10,forward,10469.564,0,
measured_emulation_calibration,32,direct_ovs_ofctl,0,0,s10,reverse,9459.18,0,
measured_emulation_calibration,32,direct_ovs_ofctl,0,0,s11,forward,11160.16,0,
measured_emulation_calibration,32,direct_ovs_ofctl,0,0,s11,reverse,10239.917,0,
measured_emulation_calibration,32,direct_ovs_ofctl,0,0,s12,forward,9485.784,0,
measured_emulation_calibration,32,direct_ovs_ofctl,0,0,s12,reverse,10489.269,0,
measured_emulation_calibration,32,direct_ovs_ofctl,0,0,s13,forward,9717.91,0,
measured_emulation_calibration,32,direct_ovs_ofctl,0,0,s13,reverse,9715.846,0,
measured_emulation_calibration,32,direct_ovs_ofctl,0,0,s14,forward,10363.849,0,
measured_emulation_calibration,32,direct_ovs_ofctl,0,0,s14,reverse,9662.471,0,
measured_emulation_calibration,32,direct_ovs_ofctl,0,0,s15,forward,9428.28,0,
measured_emulation_calibration,32,direct_ovs_ofctl,0,0,s15,reverse,9537.34,0,
measured_emulation_calibration,32,direct_ovs_ofctl,0,0,s16,forward,9953.879,0,
measured_emulation_calibration,32,direct_ovs_ofctl,0,0,s16,reverse,10070.665,0,
measured_emulation_calibration,32,direct_ovs_ofctl,0,0,s17,forward,10071.326,0,
measured_emulation_calibration,32,direct_ovs_ofctl,0,0,s17,reverse,10925.637,0,
measured_emulation_calibration,32,direct_ovs_ofctl,0,0,s18,forward,9924.92,0,
measured_emulation_calibration,32,direct_ovs_ofctl,0,0,s18,reverse,9234.862,0,
measured_emulation_calibration,32,direct_ovs_ofctl,0,0,s19,forward,10771.382,0,
measured_emulation_calibration,32,direct_ovs_ofctl,0,0,s19,reverse,9760.048,0,
measured_emulation_calibration,32,direct_ovs_ofctl,0,0,s20,forward,9658.175,0,
measured_emulation_calibration,32,direct_ovs_ofctl,0,0,s20,reverse,11325.445,0,
measured_emulation_calibration,32,direct_ovs_ofctl,0,0,s21,forward,9051.936,0,
measured_emulation_calibration,32,direct_ovs_ofctl,0,0,s21,reverse,10375.747,0,
measured_emulation_calibration,32,direct_ovs_ofctl,0,0,s22,forward,9934.173,0,
measured_emulation_calibration,32,direct_ovs_ofctl,0,0,s22,reverse,10158.699,0,
measured_emulation_calibration,32,direct_ovs_ofctl,0,0,s23,forward,9996.264,0,
measured_emulation_calibration,32,direct_ovs_ofctl,0,0,s23,reverse,9394.198,0,
measured_emulation_calibration,32,direct_ovs_ofctl,0,0,s24,forward,10356.661,0,
measured_emulation_calibration,32,direct_ovs_ofctl,0,0,s24,reverse,10042.904,0,
measured_emulation_calibration,32,direct_ovs_ofctl,0,0,s25,forward,10085.372,0,
measured_emulation_calibration,32,direct_ovs_ofctl,0,0,s25,reverse,10100.326,0,
measured_emulation_calibration,32,direct_ovs_ofctl,0,0,s26,forward,9774.63,0,
measured_emulation_calibration,32,direct_ovs_ofctl,0,0,s26,reverse,9586.831,0,
measured_emulation_calibration,32,direct_ovs_ofctl,0,0,s27,forward,11425.294,0,
measured_emulation_calibration,32,direct_ovs_ofctl,0,0,s27,reverse,9335.33,0,
measured_emulation_calibration,32,direct_ovs_ofctl,0,0,s28,forward,9740.921,0,
measured_emulation_calibration,32,direct_ovs_ofctl,0,0,s28,reverse,9811.438,0,
measured_emulation_calibration,32,direct_ovs_ofctl,0,0,s29,forward,10257.06,0,
measured_emulation_calibration,32,direct_ovs_ofctl,0,0,s29,reverse,9884.187,0,
measured_emulation_calibration,32,direct_ovs_ofctl,0,0,s30,forward,10095.452,0,
measured_emulation_calibration,32,direct_ovs_ofctl,0,0,s30,reverse,11008.383,0,
measured_emulation_calibration,32,direct_ovs_ofctl,0,0,s31,forward,9213.462,0,
measured_emulation_calibration,32,direct_ovs_ofctl,0,0,s31,reverse,10437.341,0,
measured_emulation_calibration,32,direct_ovs_ofctl,0,0,s32,forward,10041.252,0,
measured_emulation_calibration,32,direct_ovs_ofctl,0,0,s32,reverse,9928.928,0,
measured_emulation_calibration,32,daim_adapter,0,0,s1,forward,14028.26,0,
measured_emulation_calibration,32,daim_adapter,0,0,s1,reverse,12992.927,0,
measured_emulation_calibration,32,daim_adapter,0,0,s2,forward,13188.207,0,
measured_emulation_calibration,32,daim_adapter,0,0,s2,reverse,14596.028,0,
measured_emulation_calibration,32,daim_adapter,0,0,s3,forward,13522.358,0,
measured_emulation_calibration,32,daim_adapter,0,0,s3,reverse,13543.409,0,
measured_emulation_calibration,32,daim_adapter,0,0,s4,forward,13259.132,0,
measured_emulation_calibration,32,daim_adapter,0,0,s4,reverse,12683.505,0,
measured_emulation_calibration,32,daim_adapter,0,0,s5,forward,14045.009,0,
measured_emulation_calibration,32,daim_adapter,0,0,s5,reverse,12535.701,0,
measured_emulation_calibration,32,daim_adapter,0,0,s6,forward,13227.826,0,
measured_emulation_calibration,32,daim_adapter,0,0,s6,reverse,13281.877,0,
measured_emulation_calibration,32,daim_adapter,0,0,s7,forward,13410.534,0,
measured_emulation_calibration,32,daim_adapter,0,0,s7,reverse,15674.165,0,
measured_emulation_calibration,32,daim_adapter,0,0,s8,forward,13410.906,0,
measured_emulation_calibration,32,daim_adapter,0,0,s8,reverse,12181.285,0,
measured_emulation_calibration,32,daim_adapter,0,0,s9,forward,12700.295,0,
measured_emulation_calibration,32,daim_adapter,0,0,s9,reverse,15334.058,0,
measured_emulation_calibration,32,daim_adapter,0,0,s10,forward,12514.981,0,
measured_emulation_calibration,32,daim_adapter,0,0,s10,reverse,12986.434,0,
measured_emulation_calibration,32,daim_adapter,0,0,s11,forward,12670.437,0,
measured_emulation_calibration,32,daim_adapter,0,0,s11,reverse,13135.19,0,
measured_emulation_calibration,32,daim_adapter,0,0,s12,forward,13899.272,0,
measured_emulation_calibration,32,daim_adapter,0,0,s12,reverse,13145.239,0,
measured_emulation_calibration,32,daim_adapter,0,0,s13,forward,13190.068,0,
measured_emulation_calibration,32,daim_adapter,0,0,s13,reverse,12633.63,0,
measured_emulation_calibration,32,daim_adapter,0,0,s14,forward,12751.08,0,
measured_emulation_calibration,32,daim_adapter,0,0,s14,reverse,14128.464,0,
measured_emulation_calibration,32,daim_adapter,0,0,s15,forward,12582.35,0,
measured_emulation_calibration,32,daim_adapter,0,0,s15,reverse,12489.217,0,
measured_emulation_calibration,32,daim_adapter,0,0,s16,forward,13049.914,0,
measured_emulation_calibration,32,daim_adapter,0,0,s16,reverse,13364.794,0,
measured_emulation_calibration,32,daim_adapter,0,0,s17,forward,12920.596,0,
measured_emulation_calibration,32,daim_adapter,0,0,s17,reverse,13418.557,0,
measured_emulation_calibration,32,daim_adapter,0,0,s18,forward,12752.362,0,
measured_emulation_calibration,32,daim_adapter,0,0,s18,reverse,12577.718,0,
measured_emulation_calibration,32,daim_adapter,0,0,s19,forward,12861.541,0,
measured_emulation_calibration,32,daim_adapter,0,0,s19,reverse,13019.601,0,
measured_emulation_calibration,32,daim_adapter,0,0,s20,forward,13217.776,0,
measured_emulation_calibration,32,daim_adapter,0,0,s20,reverse,13285.185,0,
measured_emulation_calibration,32,daim_adapter,0,0,s21,forward,13279.562,0,
measured_emulation_calibration,32,daim_adapter,0,0,s21,reverse,13710.36,0,
measured_emulation_calibration,32,daim_adapter,0,0,s22,forward,12711.627,0,
measured_emulation_calibration,32,daim_adapter,0,0,s22,reverse,12338.725,0,
measured_emulation_calibration,32,daim_adapter,0,0,s23,forward,12273.053,0,
measured_emulation_calibration,32,daim_adapter,0,0,s23,reverse,12827.836,0,
measured_emulation_calibration,32,daim_adapter,0,0,s24,forward,13293.787,0,
measured_emulation_calibration,32,daim_adapter,0,0,s24,reverse,13162.153,0,
measured_emulation_calibration,32,daim_adapter,0,0,s25,forward,12293.854,0,
measured_emulation_calibration,32,daim_adapter,0,0,s25,reverse,12704.389,0,
measured_emulation_calibration,32,daim_adapter,0,0,s26,forward,13663.919,0,
measured_emulation_calibration,32,daim_adapter,0,0,s26,reverse,13547.173,0,
measured_emulation_calibration,32,daim_adapter,0,0,s27,forward,12009.495,0,
measured_emulation_calibration,32,daim_adapter,0,0,s27,reverse,13640.925,0,
measured_emulation_calibration,32,daim_adapter,0,0,s28,forward,12967.907,0,
measured_emulation_calibration,32,daim_adapter,0,0,s28,reverse,13023.281,0,
measured_emulation_calibration,32,daim_adapter,0,0,s29,forward,13080.063,0,
measured_emulation_calibration,32,daim_adapter,0,0,s29,reverse,12818.531,0,
measured_emulation_calibration,32,daim_adapter,0,0,s30,forward,13333.53,0,
measured_emulation_calibration,32,daim_adapter,0,0,s30,reverse,13584.971,0,
measured_emulation_calibration,32,daim_adapter,0,0,s31,forward,13007.236,0,
measured_emulation_calibration,32,daim_adapter,0,0,s31,reverse,13644.606,0,
measured_emulation_calibration,32,daim_adapter,0,0,s32,forward,13800.598,0,
measured_emulation_calibration,32,daim_adapter,0,0,s32,reverse,12480.947,0,
measured_emulation_calibration,32,daim_adapter,1,1,s1,forward,14666.884,0,
measured_emulation_calibration,32,daim_adapter,1,1,s1,reverse,12677.803,0,
measured_emulation_calibration,32,daim_adapter,1,1,s2,forward,14150.283,0,
measured_emulation_calibration,32,daim_adapter,1,1,s2,reverse,13885.441,0,
measured_emulation_calibration,32,daim_adapter,1,1,s3,forward,12721.143,0,
measured_emulation_calibration,32,daim_adapter,1,1,s3,reverse,12383.034,0,
measured_emulation_calibration,32,daim_adapter,1,1,s4,forward,12149.86,0,
measured_emulation_calibration,32,daim_adapter,1,1,s4,reverse,13074.609,0,
measured_emulation_calibration,32,daim_adapter,1,1,s5,forward,12994.635,0,
measured_emulation_calibration,32,daim_adapter,1,1,s5,reverse,12496.289,0,
measured_emulation_calibration,32,daim_adapter,1,1,s6,forward,12262.866,0,
measured_emulation_calibration,32,daim_adapter,1,1,s6,reverse,12895.371,0,
measured_emulation_calibration,32,daim_adapter,1,1,s7,forward,12907.21,0,
measured_emulation_calibration,32,daim_adapter,1,1,s7,reverse,13125.524,0,
measured_emulation_calibration,32,daim_adapter,1,1,s8,forward,12721.763,0,
measured_emulation_calibration,32,daim_adapter,1,1,s8,reverse,12486.934,0,
measured_emulation_calibration,32,daim_adapter,1,1,s9,forward,12762.745,0,
measured_emulation_calibration,32,daim_adapter,1,1,s9,reverse,13303.313,0,
measured_emulation_calibration,32,daim_adapter,1,1,s10,forward,13395.291,0,
measured_emulation_calibration,32,daim_adapter,1,1,s10,reverse,12804.676,0,
measured_emulation_calibration,32,daim_adapter,1,1,s11,forward,13781.293,0,
measured_emulation_calibration,32,daim_adapter,1,1,s11,reverse,13655.537,0,
measured_emulation_calibration,32,daim_adapter,1,1,s12,forward,12865.981,0,
measured_emulation_calibration,32,daim_adapter,1,1,s12,reverse,13229.921,0,
measured_emulation_calibration,32,daim_adapter,1,1,s13,forward,12338.245,0,
measured_emulation_calibration,32,daim_adapter,1,1,s13,reverse,12439.288,0,
measured_emulation_calibration,32,daim_adapter,1,1,s14,forward,12479.028,0,
measured_emulation_calibration,32,daim_adapter,1,1,s14,reverse,12685.502,0,
measured_emulation_calibration,32,daim_adapter,1,1,s15,forward,12697.092,0,
measured_emulation_calibration,32,daim_adapter,1,1,s15,reverse,13209.389,0,
measured_emulation_calibration,32,daim_adapter,1,1,s16,forward,13397.278,0,
measured_emulation_calibration,32,daim_adapter,1,1,s16,reverse,14554.664,0,
measured_emulation_calibration,32,daim_adapter,1,1,s17,forward,13409.323,0,
measured_emulation_calibration,32,daim_adapter,1,1,s17,reverse,12508.542,0,
measured_emulation_calibration,32,daim_adapter,1,1,s18,forward,13379.396,0,
measured_emulation_calibration,32,daim_adapter,1,1,s18,reverse,14406.886,0,
measured_emulation_calibration,32,daim_adapter,1,1,s19,forward,14109.219,0,
measured_emulation_calibration,32,daim_adapter,1,1,s19,reverse,12729.422,0,
measured_emulation_calibration,32,daim_adapter,1,1,s20,forward,12983.748,0,
measured_emulation_calibration,32,daim_adapter,1,1,s20,reverse,13832.415,0,
measured_emulation_calibration,32,daim_adapter,1,1,s21,forward,13772.393,0,
measured_emulation_calibration,32,daim_adapter,1,1,s21,reverse,17797.455,0,
measured_emulation_calibration,32,daim_adapter,1,1,s22,forward,13825.626,0,
measured_emulation_calibration,32,daim_adapter,1,1,s22,reverse,12933.826,0,
measured_emulation_calibration,32,daim_adapter,1,1,s23,forward,14769.294,0,
measured_emulation_calibration,32,daim_adapter,1,1,s23,reverse,13269.908,0,
measured_emulation_calibration,32,daim_adapter,1,1,s24,forward,13121.467,0,
measured_emulation_calibration,32,daim_adapter,1,1,s24,reverse,14568.903,0,
measured_emulation_calibration,32,daim_adapter,1,1,s25,forward,14564.723,0,
measured_emulation_calibration,32,daim_adapter,1,1,s25,reverse,14391.57,0,
measured_emulation_calibration,32,daim_adapter,1,1,s26,forward,13418.555,0,
measured_emulation_calibration,32,daim_adapter,1,1,s26,reverse,12710.96,0,
measured_emulation_calibration,32,daim_adapter,1,1,s27,forward,14384.119,0,
measured_emulation_calibration,32,daim_adapter,1,1,s27,reverse,12461.021,0,
measured_emulation_calibration,32,daim_adapter,1,1,s28,forward,13166.297,0,
measured_emulation_calibration,32,daim_adapter,1,1,s28,reverse,12850.335,0,
measured_emulation_calibration,32,daim_adapter,1,1,s29,forward,13244.367,0,
measured_emulation_calibration,32,daim_adapter,1,1,s29,reverse,12879.255,0,
measured_emulation_calibration,32,daim_adapter,1,1,s30,forward,12687.483,0,
measured_emulation_calibration,32,daim_adapter,1,1,s30,reverse,12686.282,0,
measured_emulation_calibration,32,daim_adapter,1,1,s31,forward,13008.801,0,
measured_emulation_calibration,32,daim_adapter,1,1,s31,reverse,12635.946,0,
measured_emulation_calibration,32,daim_adapter,1,1,s32,forward,12337.951,0,
measured_emulation_calibration,32,daim_adapter,1,1,s32,reverse,12894.501,0,
measured_emulation_calibration,32,direct_ovs_ofctl,1,1,s1,forward,10032.794,0,
measured_emulation_calibration,32,direct_ovs_ofctl,1,1,s1,reverse,10616.23,0,
measured_emulation_calibration,32,direct_ovs_ofctl,1,1,s2,forward,9975.913,0,
measured_emulation_calibration,32,direct_ovs_ofctl,1,1,s2,reverse,9857.717,0,
measured_emulation_calibration,32,direct_ovs_ofctl,1,1,s3,forward,10067.593,0,
measured_emulation_calibration,32,direct_ovs_ofctl,1,1,s3,reverse,10366.292,0,
measured_emulation_calibration,32,direct_ovs_ofctl,1,1,s4,forward,10280.121,0,
measured_emulation_calibration,32,direct_ovs_ofctl,1,1,s4,reverse,10665.86,0,
measured_emulation_calibration,32,direct_ovs_ofctl,1,1,s5,forward,9891.938,0,
measured_emulation_calibration,32,direct_ovs_ofctl,1,1,s5,reverse,9952.755,0,
measured_emulation_calibration,32,direct_ovs_ofctl,1,1,s6,forward,9785.756,0,
measured_emulation_calibration,32,direct_ovs_ofctl,1,1,s6,reverse,10115.858,0,
measured_emulation_calibration,32,direct_ovs_ofctl,1,1,s7,forward,9966.135,0,
measured_emulation_calibration,32,direct_ovs_ofctl,1,1,s7,reverse,9340.484,0,
measured_emulation_calibration,32,direct_ovs_ofctl,1,1,s8,forward,9672.864,0,
measured_emulation_calibration,32,direct_ovs_ofctl,1,1,s8,reverse,9397.862,0,
measured_emulation_calibration,32,direct_ovs_ofctl,1,1,s9,forward,9786.585,0,
measured_emulation_calibration,32,direct_ovs_ofctl,1,1,s9,reverse,9785.466,0,
measured_emulation_calibration,32,direct_ovs_ofctl,1,1,s10,forward,9329.92,0,
measured_emulation_calibration,32,direct_ovs_ofctl,1,1,s10,reverse,9749.796,0,
measured_emulation_calibration,32,direct_ovs_ofctl,1,1,s11,forward,9463.071,0,
measured_emulation_calibration,32,direct_ovs_ofctl,1,1,s11,reverse,9965.597,0,
measured_emulation_calibration,32,direct_ovs_ofctl,1,1,s12,forward,9489.709,0,
measured_emulation_calibration,32,direct_ovs_ofctl,1,1,s12,reverse,10051.271,0,
measured_emulation_calibration,32,direct_ovs_ofctl,1,1,s13,forward,9834.476,0,
measured_emulation_calibration,32,direct_ovs_ofctl,1,1,s13,reverse,10065.398,0,
measured_emulation_calibration,32,direct_ovs_ofctl,1,1,s14,forward,9610.224,0,
measured_emulation_calibration,32,direct_ovs_ofctl,1,1,s14,reverse,9472.019,0,
measured_emulation_calibration,32,direct_ovs_ofctl,1,1,s15,forward,9594.771,0,
measured_emulation_calibration,32,direct_ovs_ofctl,1,1,s15,reverse,9927.856,0,
measured_emulation_calibration,32,direct_ovs_ofctl,1,1,s16,forward,9503.422,0,
measured_emulation_calibration,32,direct_ovs_ofctl,1,1,s16,reverse,10152.232,0,
measured_emulation_calibration,32,direct_ovs_ofctl,1,1,s17,forward,9784.472,0,
measured_emulation_calibration,32,direct_ovs_ofctl,1,1,s17,reverse,10149.539,0,
measured_emulation_calibration,32,direct_ovs_ofctl,1,1,s18,forward,9577.952,0,
measured_emulation_calibration,32,direct_ovs_ofctl,1,1,s18,reverse,9791.888,0,
measured_emulation_calibration,32,direct_ovs_ofctl,1,1,s19,forward,10028.32,0,
measured_emulation_calibration,32,direct_ovs_ofctl,1,1,s19,reverse,10007.44,0,
measured_emulation_calibration,32,direct_ovs_ofctl,1,1,s20,forward,9877.313,0,
measured_emulation_calibration,32,direct_ovs_ofctl,1,1,s20,reverse,9855.025,0,
measured_emulation_calibration,32,direct_ovs_ofctl,1,1,s21,forward,9787.786,0,
measured_emulation_calibration,32,direct_ovs_ofctl,1,1,s21,reverse,9914.888,0,
measured_emulation_calibration,32,direct_ovs_ofctl,1,1,s22,forward,10573.269,0,
measured_emulation_calibration,32,direct_ovs_ofctl,1,1,s22,reverse,9570.743,0,
measured_emulation_calibration,32,direct_ovs_ofctl,1,1,s23,forward,9934.981,0,
measured_emulation_calibration,32,direct_ovs_ofctl,1,1,s23,reverse,9670.71,0,
measured_emulation_calibration,32,direct_ovs_ofctl,1,1,s24,forward,10473.467,0,
measured_emulation_calibration,32,direct_ovs_ofctl,1,1,s24,reverse,10035.404,0,
measured_emulation_calibration,32,direct_ovs_ofctl,1,1,s25,forward,9761.811,0,
measured_emulation_calibration,32,direct_ovs_ofctl,1,1,s25,reverse,10216.404,0,
measured_emulation_calibration,32,direct_ovs_ofctl,1,1,s26,forward,9599.495,0,
measured_emulation_calibration,32,direct_ovs_ofctl,1,1,s26,reverse,10245.859,0,
measured_emulation_calibration,32,direct_ovs_ofctl,1,1,s27,forward,10030.723,0,
measured_emulation_calibration,32,direct_ovs_ofctl,1,1,s27,reverse,9659.897,0,
measured_emulation_calibration,32,direct_ovs_ofctl,1,1,s28,forward,9545.141,0,
measured_emulation_calibration,32,direct_ovs_ofctl,1,1,s28,reverse,9465.639,0,
measured_emulation_calibration,32,direct_ovs_ofctl,1,1,s29,forward,9684.216,0,
measured_emulation_calibration,32,direct_ovs_ofctl,1,1,s29,reverse,9880.07,0,
measured_emulation_calibration,32,direct_ovs_ofctl,1,1,s30,forward,9539.69,0,
measured_emulation_calibration,32,direct_ovs_ofctl,1,1,s30,reverse,10522.953,0,
measured_emulation_calibration,32,direct_ovs_ofctl,1,1,s31,forward,9048.245,0,
measured_emulation_calibration,32,direct_ovs_ofctl,1,1,s31,reverse,9938.932,0,
measured_emulation_calibration,32,direct_ovs_ofctl,1,1,s32,forward,10402.931,0,
measured_emulation_calibration,32,direct_ovs_ofctl,1,1,s32,reverse,9723.93,0,
measured_emulation_calibration,32,direct_ovs_ofctl,2,1,s1,forward,9946.395,0,
measured_emulation_calibration,32,direct_ovs_ofctl,2,1,s1,reverse,10294.601,0,
measured_emulation_calibration,32,direct_ovs_ofctl,2,1,s2,forward,10343.108,0,
measured_emulation_calibration,32,direct_ovs_ofctl,2,1,s2,reverse,10031.176,0,
measured_emulation_calibration,32,direct_ovs_ofctl,2,1,s3,forward,10039.427,0,
measured_emulation_calibration,32,direct_ovs_ofctl,2,1,s3,reverse,10305.298,0,
measured_emulation_calibration,32,direct_ovs_ofctl,2,1,s4,forward,9972.555,0,
measured_emulation_calibration,32,direct_ovs_ofctl,2,1,s4,reverse,9597.939,0,
measured_emulation_calibration,32,direct_ovs_ofctl,2,1,s5,forward,9634.712,0,
measured_emulation_calibration,32,direct_ovs_ofctl,2,1,s5,reverse,10046.765,0,
measured_emulation_calibration,32,direct_ovs_ofctl,2,1,s6,forward,10308.697,0,
measured_emulation_calibration,32,direct_ovs_ofctl,2,1,s6,reverse,10297.711,0,
measured_emulation_calibration,32,direct_ovs_ofctl,2,1,s7,forward,10005.099,0,
measured_emulation_calibration,32,direct_ovs_ofctl,2,1,s7,reverse,9217.229,0,
measured_emulation_calibration,32,direct_ovs_ofctl,2,1,s8,forward,9978.235,0,
measured_emulation_calibration,32,direct_ovs_ofctl,2,1,s8,reverse,9245.669,0,
measured_emulation_calibration,32,direct_ovs_ofctl,2,1,s9,forward,9933.087,0,
measured_emulation_calibration,32,direct_ovs_ofctl,2,1,s9,reverse,9761.615,0,
measured_emulation_calibration,32,direct_ovs_ofctl,2,1,s10,forward,9126.932,0,
measured_emulation_calibration,32,direct_ovs_ofctl,2,1,s10,reverse,9805.81,0,
measured_emulation_calibration,32,direct_ovs_ofctl,2,1,s11,forward,10176.612,0,
measured_emulation_calibration,32,direct_ovs_ofctl,2,1,s11,reverse,9658.674,0,
measured_emulation_calibration,32,direct_ovs_ofctl,2,1,s12,forward,10060.197,0,
measured_emulation_calibration,32,direct_ovs_ofctl,2,1,s12,reverse,9107.613,0,
measured_emulation_calibration,32,direct_ovs_ofctl,2,1,s13,forward,9352.216,0,
measured_emulation_calibration,32,direct_ovs_ofctl,2,1,s13,reverse,9515.478,0,
measured_emulation_calibration,32,direct_ovs_ofctl,2,1,s14,forward,9905.641,0,
measured_emulation_calibration,32,direct_ovs_ofctl,2,1,s14,reverse,9205.496,0,
measured_emulation_calibration,32,direct_ovs_ofctl,2,1,s15,forward,9985.241,0,
measured_emulation_calibration,32,direct_ovs_ofctl,2,1,s15,reverse,9768.953,0,
measured_emulation_calibration,32,direct_ovs_ofctl,2,1,s16,forward,11432.089,0,
measured_emulation_calibration,32,direct_ovs_ofctl,2,1,s16,reverse,10289.544,0,
measured_emulation_calibration,32,direct_ovs_ofctl,2,1,s17,forward,10089.839,0,
measured_emulation_calibration,32,direct_ovs_ofctl,2,1,s17,reverse,9727.91,0,
measured_emulation_calibration,32,direct_ovs_ofctl,2,1,s18,forward,10048.464,0,
measured_emulation_calibration,32,direct_ovs_ofctl,2,1,s18,reverse,9231.324,0,
measured_emulation_calibration,32,direct_ovs_ofctl,2,1,s19,forward,10326.524,0,
measured_emulation_calibration,32,direct_ovs_ofctl,2,1,s19,reverse,10723.652,0,
measured_emulation_calibration,32,direct_ovs_ofctl,2,1,s20,forward,10616.566,0,
measured_emulation_calibration,32,direct_ovs_ofctl,2,1,s20,reverse,9786.905,0,
measured_emulation_calibration,32,direct_ovs_ofctl,2,1,s21,forward,9772.975,0,
measured_emulation_calibration,32,direct_ovs_ofctl,2,1,s21,reverse,10103.065,0,
measured_emulation_calibration,32,direct_ovs_ofctl,2,1,s22,forward,9495.62,0,
measured_emulation_calibration,32,direct_ovs_ofctl,2,1,s22,reverse,9798.058,0,
measured_emulation_calibration,32,direct_ovs_ofctl,2,1,s23,forward,10206.793,0,
measured_emulation_calibration,32,direct_ovs_ofctl,2,1,s23,reverse,9946.601,0,
measured_emulation_calibration,32,direct_ovs_ofctl,2,1,s24,forward,11225.918,0,
measured_emulation_calibration,32,direct_ovs_ofctl,2,1,s24,reverse,10464.207,0,
measured_emulation_calibration,32,direct_ovs_ofctl,2,1,s25,forward,9787.859,0,
measured_emulation_calibration,32,direct_ovs_ofctl,2,1,s25,reverse,9786.532,0,
measured_emulation_calibration,32,direct_ovs_ofctl,2,1,s26,forward,9702.787,0,
measured_emulation_calibration,32,direct_ovs_ofctl,2,1,s26,reverse,9339.613,0,
measured_emulation_calibration,32,direct_ovs_ofctl,2,1,s27,forward,10197.88,0,
measured_emulation_calibration,32,direct_ovs_ofctl,2,1,s27,reverse,9613.983,0,
measured_emulation_calibration,32,direct_ovs_ofctl,2,1,s28,forward,9734.792,0,
measured_emulation_calibration,32,direct_ovs_ofctl,2,1,s28,reverse,9594.456,0,
measured_emulation_calibration,32,direct_ovs_ofctl,2,1,s29,forward,9882.3,0,
measured_emulation_calibration,32,direct_ovs_ofctl,2,1,s29,reverse,10559.685,0,
measured_emulation_calibration,32,direct_ovs_ofctl,2,1,s30,forward,9692.007,0,
measured_emulation_calibration,32,direct_ovs_ofctl,2,1,s30,reverse,10300.447,0,
measured_emulation_calibration,32,direct_ovs_ofctl,2,1,s31,forward,9546.241,0,
measured_emulation_calibration,32,direct_ovs_ofctl,2,1,s31,reverse,9254.298,0,
measured_emulation_calibration,32,direct_ovs_ofctl,2,1,s32,forward,10431.292,0,
measured_emulation_calibration,32,direct_ovs_ofctl,2,1,s32,reverse,10681.691,0,
measured_emulation_calibration,32,daim_adapter,2,1,s1,forward,14416.392,0,
measured_emulation_calibration,32,daim_adapter,2,1,s1,reverse,12326.997,0,
measured_emulation_calibration,32,daim_adapter,2,1,s2,forward,13149.796,0,
measured_emulation_calibration,32,daim_adapter,2,1,s2,reverse,12772.039,0,
measured_emulation_calibration,32,daim_adapter,2,1,s3,forward,13007.131,0,
measured_emulation_calibration,32,daim_adapter,2,1,s3,reverse,12411.002,0,
measured_emulation_calibration,32,daim_adapter,2,1,s4,forward,12843.517,0,
measured_emulation_calibration,32,daim_adapter,2,1,s4,reverse,12851.234,0,
measured_emulation_calibration,32,daim_adapter,2,1,s5,forward,12950.008,0,
measured_emulation_calibration,32,daim_adapter,2,1,s5,reverse,13195.428,0,
measured_emulation_calibration,32,daim_adapter,2,1,s6,forward,11970.606,0,
measured_emulation_calibration,32,daim_adapter,2,1,s6,reverse,13131.832,0,
measured_emulation_calibration,32,daim_adapter,2,1,s7,forward,13550.409,0,
measured_emulation_calibration,32,daim_adapter,2,1,s7,reverse,12698.862,0,
measured_emulation_calibration,32,daim_adapter,2,1,s8,forward,13198.125,0,
measured_emulation_calibration,32,daim_adapter,2,1,s8,reverse,13092.962,0,
measured_emulation_calibration,32,daim_adapter,2,1,s9,forward,12897.405,0,
measured_emulation_calibration,32,daim_adapter,2,1,s9,reverse,13311.5,0,
measured_emulation_calibration,32,daim_adapter,2,1,s10,forward,12725.039,0,
measured_emulation_calibration,32,daim_adapter,2,1,s10,reverse,13251.141,0,
measured_emulation_calibration,32,daim_adapter,2,1,s11,forward,12624.895,0,
measured_emulation_calibration,32,daim_adapter,2,1,s11,reverse,12667.997,0,
measured_emulation_calibration,32,daim_adapter,2,1,s12,forward,12870.69,0,
measured_emulation_calibration,32,daim_adapter,2,1,s12,reverse,13009.246,0,
measured_emulation_calibration,32,daim_adapter,2,1,s13,forward,12045.858,0,
measured_emulation_calibration,32,daim_adapter,2,1,s13,reverse,12773.119,0,
measured_emulation_calibration,32,daim_adapter,2,1,s14,forward,13512.616,0,
measured_emulation_calibration,32,daim_adapter,2,1,s14,reverse,13075.705,0,
measured_emulation_calibration,32,daim_adapter,2,1,s15,forward,12977.47,0,
measured_emulation_calibration,32,daim_adapter,2,1,s15,reverse,11350.292,0,
measured_emulation_calibration,32,daim_adapter,2,1,s16,forward,13561.236,0,
measured_emulation_calibration,32,daim_adapter,2,1,s16,reverse,12713.671,0,
measured_emulation_calibration,32,daim_adapter,2,1,s17,forward,12647.712,0,
measured_emulation_calibration,32,daim_adapter,2,1,s17,reverse,12263.111,0,
measured_emulation_calibration,32,daim_adapter,2,1,s18,forward,12838.996,0,
measured_emulation_calibration,32,daim_adapter,2,1,s18,reverse,13268.897,0,
measured_emulation_calibration,32,daim_adapter,2,1,s19,forward,13104.494,0,
measured_emulation_calibration,32,daim_adapter,2,1,s19,reverse,12434.856,0,
measured_emulation_calibration,32,daim_adapter,2,1,s20,forward,12897.405,0,
measured_emulation_calibration,32,daim_adapter,2,1,s20,reverse,13527.011,0,
measured_emulation_calibration,32,daim_adapter,2,1,s21,forward,13606.371,0,
measured_emulation_calibration,32,daim_adapter,2,1,s21,reverse,12852.437,0,
measured_emulation_calibration,32,daim_adapter,2,1,s22,forward,12389.639,0,
measured_emulation_calibration,32,daim_adapter,2,1,s22,reverse,12816.967,0,
measured_emulation_calibration,32,daim_adapter,2,1,s23,forward,12539.936,0,
measured_emulation_calibration,32,daim_adapter,2,1,s23,reverse,13230.731,0,
measured_emulation_calibration,32,daim_adapter,2,1,s24,forward,12480.821,0,
measured_emulation_calibration,32,daim_adapter,2,1,s24,reverse,12834.059,0,
measured_emulation_calibration,32,daim_adapter,2,1,s25,forward,12656.921,0,
measured_emulation_calibration,32,daim_adapter,2,1,s25,reverse,12958.512,0,
measured_emulation_calibration,32,daim_adapter,2,1,s26,forward,12766.53,0,
measured_emulation_calibration,32,daim_adapter,2,1,s26,reverse,12307.25,0,
measured_emulation_calibration,32,daim_adapter,2,1,s27,forward,12804.214,0,
measured_emulation_calibration,32,daim_adapter,2,1,s27,reverse,12615.98,0,
measured_emulation_calibration,32,daim_adapter,2,1,s28,forward,12788.483,0,
measured_emulation_calibration,32,daim_adapter,2,1,s28,reverse,12241.129,0,
measured_emulation_calibration,32,daim_adapter,2,1,s29,forward,13422.876,0,
measured_emulation_calibration,32,daim_adapter,2,1,s29,reverse,12467.509,0,
measured_emulation_calibration,32,daim_adapter,2,1,s30,forward,12544.629,0,
measured_emulation_calibration,32,daim_adapter,2,1,s30,reverse,12802.098,0,
measured_emulation_calibration,32,daim_adapter,2,1,s31,forward,13028.352,0,
measured_emulation_calibration,32,daim_adapter,2,1,s31,reverse,13098.209,0,
measured_emulation_calibration,32,daim_adapter,2,1,s32,forward,13195.999,0,
measured_emulation_calibration,32,daim_adapter,2,1,s32,reverse,12895.53,0,
measured_emulation_calibration,32,daim_adapter,3,1,s1,forward,14228.113,0,
measured_emulation_calibration,32,daim_adapter,3,1,s1,reverse,13321.268,0,
measured_emulation_calibration,32,daim_adapter,3,1,s2,forward,13785.524,0,
measured_emulation_calibration,32,daim_adapter,3,1,s2,reverse,13093.394,0,
measured_emulation_calibration,32,daim_adapter,3,1,s3,forward,13115.932,0,
measured_emulation_calibration,32,daim_adapter,3,1,s3,reverse,12665.041,0,
measured_emulation_calibration,32,daim_adapter,3,1,s4,forward,13071.353,0,
measured_emulation_calibration,32,daim_adapter,3,1,s4,reverse,12743.613,0,
measured_emulation_calibration,32,daim_adapter,3,1,s5,forward,13479.41,0,
measured_emulation_calibration,32,daim_adapter,3,1,s5,reverse,12718.585,0,
measured_emulation_calibration,32,daim_adapter,3,1,s6,forward,13311.555,0,
measured_emulation_calibration,32,daim_adapter,3,1,s6,reverse,13359.496,0,
measured_emulation_calibration,32,daim_adapter,3,1,s7,forward,13465.504,0,
measured_emulation_calibration,32,daim_adapter,3,1,s7,reverse,12376.982,0,
measured_emulation_calibration,32,daim_adapter,3,1,s8,forward,13107.091,0,
measured_emulation_calibration,32,daim_adapter,3,1,s8,reverse,13206.999,0,
measured_emulation_calibration,32,daim_adapter,3,1,s9,forward,13160.843,0,
measured_emulation_calibration,32,daim_adapter,3,1,s9,reverse,12145.0,0,
measured_emulation_calibration,32,daim_adapter,3,1,s10,forward,13294.868,0,
measured_emulation_calibration,32,daim_adapter,3,1,s10,reverse,13121.577,0,
measured_emulation_calibration,32,daim_adapter,3,1,s11,forward,12936.912,0,
measured_emulation_calibration,32,daim_adapter,3,1,s11,reverse,13187.324,0,
measured_emulation_calibration,32,daim_adapter,3,1,s12,forward,12072.279,0,
measured_emulation_calibration,32,daim_adapter,3,1,s12,reverse,14858.273,0,
measured_emulation_calibration,32,daim_adapter,3,1,s13,forward,12827.915,0,
measured_emulation_calibration,32,daim_adapter,3,1,s13,reverse,14723.79,0,
measured_emulation_calibration,32,daim_adapter,3,1,s14,forward,12984.604,0,
measured_emulation_calibration,32,daim_adapter,3,1,s14,reverse,12280.727,0,
measured_emulation_calibration,32,daim_adapter,3,1,s15,forward,12796.784,0,
measured_emulation_calibration,32,daim_adapter,3,1,s15,reverse,13303.129,0,
measured_emulation_calibration,32,daim_adapter,3,1,s16,forward,12968.831,0,
measured_emulation_calibration,32,daim_adapter,3,1,s16,reverse,13390.459,0,
measured_emulation_calibration,32,daim_adapter,3,1,s17,forward,12954.304,0,
measured_emulation_calibration,32,daim_adapter,3,1,s17,reverse,13561.552,0,
measured_emulation_calibration,32,daim_adapter,3,1,s18,forward,13004.984,0,
measured_emulation_calibration,32,daim_adapter,3,1,s18,reverse,13013.575,0,
measured_emulation_calibration,32,daim_adapter,3,1,s19,forward,13662.455,0,
measured_emulation_calibration,32,daim_adapter,3,1,s19,reverse,12621.886,0,
measured_emulation_calibration,32,daim_adapter,3,1,s20,forward,13140.8,0,
measured_emulation_calibration,32,daim_adapter,3,1,s20,reverse,12584.338,0,
measured_emulation_calibration,32,daim_adapter,3,1,s21,forward,13537.84,0,
measured_emulation_calibration,32,daim_adapter,3,1,s21,reverse,12871.83,0,
measured_emulation_calibration,32,daim_adapter,3,1,s22,forward,12900.899,0,
measured_emulation_calibration,32,daim_adapter,3,1,s22,reverse,12792.43,0,
measured_emulation_calibration,32,daim_adapter,3,1,s23,forward,12800.03,0,
measured_emulation_calibration,32,daim_adapter,3,1,s23,reverse,12932.833,0,
measured_emulation_calibration,32,daim_adapter,3,1,s24,forward,12398.422,0,
measured_emulation_calibration,32,daim_adapter,3,1,s24,reverse,13162.726,0,
measured_emulation_calibration,32,daim_adapter,3,1,s25,forward,13095.037,0,
measured_emulation_calibration,32,daim_adapter,3,1,s25,reverse,12549.373,0,
measured_emulation_calibration,32,daim_adapter,3,1,s26,forward,12144.775,0,
measured_emulation_calibration,32,daim_adapter,3,1,s26,reverse,12662.617,0,
measured_emulation_calibration,32,daim_adapter,3,1,s27,forward,12790.354,0,
measured_emulation_calibration,32,daim_adapter,3,1,s27,reverse,13190.009,0,
measured_emulation_calibration,32,daim_adapter,3,1,s28,forward,12029.87,0,
measured_emulation_calibration,32,daim_adapter,3,1,s28,reverse,13005.297,0,
measured_emulation_calibration,32,daim_adapter,3,1,s29,forward,13072.239,0,
measured_emulation_calibration,32,daim_adapter,3,1,s29,reverse,13669.231,0,
measured_emulation_calibration,32,daim_adapter,3,1,s30,forward,12987.482,0,
measured_emulation_calibration,32,daim_adapter,3,1,s30,reverse,12355.027,0,
measured_emulation_calibration,32,daim_adapter,3,1,s31,forward,12780.595,0,
measured_emulation_calibration,32,daim_adapter,3,1,s31,reverse,13156.581,0,
measured_emulation_calibration,32,daim_adapter,3,1,s32,forward,11851.719,0,
measured_emulation_calibration,32,daim_adapter,3,1,s32,reverse,12516.193,0,
measured_emulation_calibration,32,direct_ovs_ofctl,3,1,s1,forward,10038.9,0,
measured_emulation_calibration,32,direct_ovs_ofctl,3,1,s1,reverse,9904.768,0,
measured_emulation_calibration,32,direct_ovs_ofctl,3,1,s2,forward,10090.228,0,
measured_emulation_calibration,32,direct_ovs_ofctl,3,1,s2,reverse,10023.826,0,
measured_emulation_calibration,32,direct_ovs_ofctl,3,1,s3,forward,10300.769,0,
measured_emulation_calibration,32,direct_ovs_ofctl,3,1,s3,reverse,10192.55,0,
measured_emulation_calibration,32,direct_ovs_ofctl,3,1,s4,forward,9677.284,0,
measured_emulation_calibration,32,direct_ovs_ofctl,3,1,s4,reverse,10274.774,0,
measured_emulation_calibration,32,direct_ovs_ofctl,3,1,s5,forward,9993.386,0,
measured_emulation_calibration,32,direct_ovs_ofctl,3,1,s5,reverse,9469.108,0,
measured_emulation_calibration,32,direct_ovs_ofctl,3,1,s6,forward,9996.003,0,
measured_emulation_calibration,32,direct_ovs_ofctl,3,1,s6,reverse,9683.096,0,
measured_emulation_calibration,32,direct_ovs_ofctl,3,1,s7,forward,10099.114,0,
measured_emulation_calibration,32,direct_ovs_ofctl,3,1,s7,reverse,9736.044,0,
measured_emulation_calibration,32,direct_ovs_ofctl,3,1,s8,forward,10020.255,0,
measured_emulation_calibration,32,direct_ovs_ofctl,3,1,s8,reverse,10062.902,0,
measured_emulation_calibration,32,direct_ovs_ofctl,3,1,s9,forward,9706.103,0,
measured_emulation_calibration,32,direct_ovs_ofctl,3,1,s9,reverse,10066.973,0,
measured_emulation_calibration,32,direct_ovs_ofctl,3,1,s10,forward,9379.369,0,
measured_emulation_calibration,32,direct_ovs_ofctl,3,1,s10,reverse,10582.572,0,
measured_emulation_calibration,32,direct_ovs_ofctl,3,1,s11,forward,11122.505,0,
measured_emulation_calibration,32,direct_ovs_ofctl,3,1,s11,reverse,9894.013,0,
measured_emulation_calibration,32,direct_ovs_ofctl,3,1,s12,forward,9898.124,0,
measured_emulation_calibration,32,direct_ovs_ofctl,3,1,s12,reverse,10005.928,0,
measured_emulation_calibration,32,direct_ovs_ofctl,3,1,s13,forward,9576.539,0,
measured_emulation_calibration,32,direct_ovs_ofctl,3,1,s13,reverse,9770.387,0,
measured_emulation_calibration,32,direct_ovs_ofctl,3,1,s14,forward,9360.64,0,
measured_emulation_calibration,32,direct_ovs_ofctl,3,1,s14,reverse,9876.695,0,
measured_emulation_calibration,32,direct_ovs_ofctl,3,1,s15,forward,9720.222,0,
measured_emulation_calibration,32,direct_ovs_ofctl,3,1,s15,reverse,10185.947,0,
measured_emulation_calibration,32,direct_ovs_ofctl,3,1,s16,forward,10418.083,0,
measured_emulation_calibration,32,direct_ovs_ofctl,3,1,s16,reverse,9514.041,0,
measured_emulation_calibration,32,direct_ovs_ofctl,3,1,s17,forward,9989.109,0,
measured_emulation_calibration,32,direct_ovs_ofctl,3,1,s17,reverse,9964.464,0,
measured_emulation_calibration,32,direct_ovs_ofctl,3,1,s18,forward,10009.802,0,
measured_emulation_calibration,32,direct_ovs_ofctl,3,1,s18,reverse,10097.918,0,
measured_emulation_calibration,32,direct_ovs_ofctl,3,1,s19,forward,9576.66,0,
measured_emulation_calibration,32,direct_ovs_ofctl,3,1,s19,reverse,10077.271,0,
measured_emulation_calibration,32,direct_ovs_ofctl,3,1,s20,forward,13658.485,0,
measured_emulation_calibration,32,direct_ovs_ofctl,3,1,s20,reverse,14496.229,0,
measured_emulation_calibration,32,direct_ovs_ofctl,3,1,s21,forward,11662.399,0,
measured_emulation_calibration,32,direct_ovs_ofctl,3,1,s21,reverse,17426.026,0,
measured_emulation_calibration,32,direct_ovs_ofctl,3,1,s22,forward,10084.042,0,
measured_emulation_calibration,32,direct_ovs_ofctl,3,1,s22,reverse,10153.048,0,
measured_emulation_calibration,32,direct_ovs_ofctl,3,1,s23,forward,10371.197,0,
measured_emulation_calibration,32,direct_ovs_ofctl,3,1,s23,reverse,10394.338,0,
measured_emulation_calibration,32,direct_ovs_ofctl,3,1,s24,forward,9990.318,0,
measured_emulation_calibration,32,direct_ovs_ofctl,3,1,s24,reverse,10512.366,0,
measured_emulation_calibration,32,direct_ovs_ofctl,3,1,s25,forward,9965.018,0,
measured_emulation_calibration,32,direct_ovs_ofctl,3,1,s25,reverse,9249.913,0,
measured_emulation_calibration,32,direct_ovs_ofctl,3,1,s26,forward,9621.32,0,
measured_emulation_calibration,32,direct_ovs_ofctl,3,1,s26,reverse,9377.496,0,
measured_emulation_calibration,32,direct_ovs_ofctl,3,1,s27,forward,9962.276,0,
measured_emulation_calibration,32,direct_ovs_ofctl,3,1,s27,reverse,9288.923,0,
measured_emulation_calibration,32,direct_ovs_ofctl,3,1,s28,forward,9287.427,0,
measured_emulation_calibration,32,direct_ovs_ofctl,3,1,s28,reverse,9733.656,0,
measured_emulation_calibration,32,direct_ovs_ofctl,3,1,s29,forward,9592.779,0,
measured_emulation_calibration,32,direct_ovs_ofctl,3,1,s29,reverse,10178.473,0,
measured_emulation_calibration,32,direct_ovs_ofctl,3,1,s30,forward,9891.733,0,
measured_emulation_calibration,32,direct_ovs_ofctl,3,1,s30,reverse,9762.696,0,
measured_emulation_calibration,32,direct_ovs_ofctl,3,1,s31,forward,9487.547,0,
measured_emulation_calibration,32,direct_ovs_ofctl,3,1,s31,reverse,9318.544,0,
measured_emulation_calibration,32,direct_ovs_ofctl,3,1,s32,forward,10550.752,0,
measured_emulation_calibration,32,direct_ovs_ofctl,3,1,s32,reverse,9630.709,0,
measured_emulation_calibration,32,direct_ovs_ofctl,4,1,s1,forward,8455.085,0,
measured_emulation_calibration,32,direct_ovs_ofctl,4,1,s1,reverse,9907.728,0,
measured_emulation_calibration,32,direct_ovs_ofctl,4,1,s2,forward,10215.738,0,
measured_emulation_calibration,32,direct_ovs_ofctl,4,1,s2,reverse,10376.806,0,
measured_emulation_calibration,32,direct_ovs_ofctl,4,1,s3,forward,10137.177,0,
measured_emulation_calibration,32,direct_ovs_ofctl,4,1,s3,reverse,10015.203,0,
measured_emulation_calibration,32,direct_ovs_ofctl,4,1,s4,forward,10357.197,0,
measured_emulation_calibration,32,direct_ovs_ofctl,4,1,s4,reverse,9759.04,0,
measured_emulation_calibration,32,direct_ovs_ofctl,4,1,s5,forward,9427.349,0,
measured_emulation_calibration,32,direct_ovs_ofctl,4,1,s5,reverse,10057.828,0,
measured_emulation_calibration,32,direct_ovs_ofctl,4,1,s6,forward,9498.598,0,
measured_emulation_calibration,32,direct_ovs_ofctl,4,1,s6,reverse,9891.442,0,
measured_emulation_calibration,32,direct_ovs_ofctl,4,1,s7,forward,9949.23,0,
measured_emulation_calibration,32,direct_ovs_ofctl,4,1,s7,reverse,10485.694,0,
measured_emulation_calibration,32,direct_ovs_ofctl,4,1,s8,forward,10062.106,0,
measured_emulation_calibration,32,direct_ovs_ofctl,4,1,s8,reverse,9462.828,0,
measured_emulation_calibration,32,direct_ovs_ofctl,4,1,s9,forward,10257.615,0,
measured_emulation_calibration,32,direct_ovs_ofctl,4,1,s9,reverse,9778.4,0,
measured_emulation_calibration,32,direct_ovs_ofctl,4,1,s10,forward,9153.28,0,
measured_emulation_calibration,32,direct_ovs_ofctl,4,1,s10,reverse,9879.643,0,
measured_emulation_calibration,32,direct_ovs_ofctl,4,1,s11,forward,9768.762,0,
measured_emulation_calibration,32,direct_ovs_ofctl,4,1,s11,reverse,9523.899,0,
measured_emulation_calibration,32,direct_ovs_ofctl,4,1,s12,forward,9732.867,0,
measured_emulation_calibration,32,direct_ovs_ofctl,4,1,s12,reverse,10009.844,0,
measured_emulation_calibration,32,direct_ovs_ofctl,4,1,s13,forward,10067.258,0,
measured_emulation_calibration,32,direct_ovs_ofctl,4,1,s13,reverse,9638.021,0,
measured_emulation_calibration,32,direct_ovs_ofctl,4,1,s14,forward,9504.414,0,
measured_emulation_calibration,32,direct_ovs_ofctl,4,1,s14,reverse,9611.225,0,
measured_emulation_calibration,32,direct_ovs_ofctl,4,1,s15,forward,9630.044,0,
measured_emulation_calibration,32,direct_ovs_ofctl,4,1,s15,reverse,9590.079,0,
measured_emulation_calibration,32,direct_ovs_ofctl,4,1,s16,forward,9787.29,0,
measured_emulation_calibration,32,direct_ovs_ofctl,4,1,s16,reverse,10033.15,0,
measured_emulation_calibration,32,direct_ovs_ofctl,4,1,s17,forward,9750.025,0,
measured_emulation_calibration,32,direct_ovs_ofctl,4,1,s17,reverse,9679.316,0,
measured_emulation_calibration,32,direct_ovs_ofctl,4,1,s18,forward,9685.257,0,
measured_emulation_calibration,32,direct_ovs_ofctl,4,1,s18,reverse,9990.484,0,
measured_emulation_calibration,32,direct_ovs_ofctl,4,1,s19,forward,9297.287,0,
measured_emulation_calibration,32,direct_ovs_ofctl,4,1,s19,reverse,9389.464,0,
measured_emulation_calibration,32,direct_ovs_ofctl,4,1,s20,forward,10228.554,0,
measured_emulation_calibration,32,direct_ovs_ofctl,4,1,s20,reverse,9399.688,0,
measured_emulation_calibration,32,direct_ovs_ofctl,4,1,s21,forward,10566.02,0,
measured_emulation_calibration,32,direct_ovs_ofctl,4,1,s21,reverse,10342.802,0,
measured_emulation_calibration,32,direct_ovs_ofctl,4,1,s22,forward,9614.509,0,
measured_emulation_calibration,32,direct_ovs_ofctl,4,1,s22,reverse,10033.556,0,
measured_emulation_calibration,32,direct_ovs_ofctl,4,1,s23,forward,9653.909,0,
measured_emulation_calibration,32,direct_ovs_ofctl,4,1,s23,reverse,10068.051,0,
measured_emulation_calibration,32,direct_ovs_ofctl,4,1,s24,forward,9763.46,0,
measured_emulation_calibration,32,direct_ovs_ofctl,4,1,s24,reverse,10528.118,0,
measured_emulation_calibration,32,direct_ovs_ofctl,4,1,s25,forward,9877.708,0,
measured_emulation_calibration,32,direct_ovs_ofctl,4,1,s25,reverse,9906.135,0,
measured_emulation_calibration,32,direct_ovs_ofctl,4,1,s26,forward,10514.403,0,
measured_emulation_calibration,32,direct_ovs_ofctl,4,1,s26,reverse,9718.368,0,
measured_emulation_calibration,32,direct_ovs_ofctl,4,1,s27,forward,9559.028,0,
measured_emulation_calibration,32,direct_ovs_ofctl,4,1,s27,reverse,9703.988,0,
measured_emulation_calibration,32,direct_ovs_ofctl,4,1,s28,forward,9398.607,0,
measured_emulation_calibration,32,direct_ovs_ofctl,4,1,s28,reverse,9623.029,0,
measured_emulation_calibration,32,direct_ovs_ofctl,4,1,s29,forward,9922.218,0,
measured_emulation_calibration,32,direct_ovs_ofctl,4,1,s29,reverse,9845.457,0,
measured_emulation_calibration,32,direct_ovs_ofctl,4,1,s30,forward,9842.798,0,
measured_emulation_calibration,32,direct_ovs_ofctl,4,1,s30,reverse,9751.324,0,
measured_emulation_calibration,32,direct_ovs_ofctl,4,1,s31,forward,9870.434,0,
measured_emulation_calibration,32,direct_ovs_ofctl,4,1,s31,reverse,10058.409,0,
measured_emulation_calibration,32,direct_ovs_ofctl,4,1,s32,forward,10216.17,0,
measured_emulation_calibration,32,direct_ovs_ofctl,4,1,s32,reverse,9951.06,0,
measured_emulation_calibration,32,daim_adapter,4,1,s1,forward,13061.972,0,
measured_emulation_calibration,32,daim_adapter,4,1,s1,reverse,12924.493,0,
measured_emulation_calibration,32,daim_adapter,4,1,s2,forward,12734.523,0,
measured_emulation_calibration,32,daim_adapter,4,1,s2,reverse,12942.156,0,
measured_emulation_calibration,32,daim_adapter,4,1,s3,forward,11923.36,0,
measured_emulation_calibration,32,daim_adapter,4,1,s3,reverse,13342.292,0,
measured_emulation_calibration,32,daim_adapter,4,1,s4,forward,12982.302,0,
measured_emulation_calibration,32,daim_adapter,4,1,s4,reverse,13389.712,0,
measured_emulation_calibration,32,daim_adapter,4,1,s5,forward,12387.499,0,
measured_emulation_calibration,32,daim_adapter,4,1,s5,reverse,11947.59,0,
measured_emulation_calibration,32,daim_adapter,4,1,s6,forward,13079.552,0,
measured_emulation_calibration,32,daim_adapter,4,1,s6,reverse,13350.106,0,
measured_emulation_calibration,32,daim_adapter,4,1,s7,forward,12627.175,0,
measured_emulation_calibration,32,daim_adapter,4,1,s7,reverse,12305.627,0,
measured_emulation_calibration,32,daim_adapter,4,1,s8,forward,13048.423,0,
measured_emulation_calibration,32,daim_adapter,4,1,s8,reverse,12920.503,0,
measured_emulation_calibration,32,daim_adapter,4,1,s9,forward,12809.787,0,
measured_emulation_calibration,32,daim_adapter,4,1,s9,reverse,12530.257,0,
measured_emulation_calibration,32,daim_adapter,4,1,s10,forward,13195.171,0,
measured_emulation_calibration,32,daim_adapter,4,1,s10,reverse,12711.042,0,
measured_emulation_calibration,32,daim_adapter,4,1,s11,forward,13439.251,0,
measured_emulation_calibration,32,daim_adapter,4,1,s11,reverse,12633.492,0,
measured_emulation_calibration,32,daim_adapter,4,1,s12,forward,12531.047,0,
measured_emulation_calibration,32,daim_adapter,4,1,s12,reverse,12893.572,0,
measured_emulation_calibration,32,daim_adapter,4,1,s13,forward,12930.435,0,
measured_emulation_calibration,32,daim_adapter,4,1,s13,reverse,13325.959,0,
measured_emulation_calibration,32,daim_adapter,4,1,s14,forward,12358.865,0,
measured_emulation_calibration,32,daim_adapter,4,1,s14,reverse,12637.689,0,
measured_emulation_calibration,32,daim_adapter,4,1,s15,forward,12917.677,0,
measured_emulation_calibration,32,daim_adapter,4,1,s15,reverse,12781.819,0,
measured_emulation_calibration,32,daim_adapter,4,1,s16,forward,12226.622,0,
measured_emulation_calibration,32,daim_adapter,4,1,s16,reverse,13520.485,0,
measured_emulation_calibration,32,daim_adapter,4,1,s17,forward,12917.8,0,
measured_emulation_calibration,32,daim_adapter,4,1,s17,reverse,13028.301,0,
measured_emulation_calibration,32,daim_adapter,4,1,s18,forward,13496.954,0,
measured_emulation_calibration,32,daim_adapter,4,1,s18,reverse,12105.959,0,
measured_emulation_calibration,32,daim_adapter,4,1,s19,forward,12613.733,0,
measured_emulation_calibration,32,daim_adapter,4,1,s19,reverse,12661.418,0,
measured_emulation_calibration,32,daim_adapter,4,1,s20,forward,12890.569,0,
measured_emulation_calibration,32,daim_adapter,4,1,s20,reverse,12741.238,0,
measured_emulation_calibration,32,daim_adapter,4,1,s21,forward,13342.593,0,
measured_emulation_calibration,32,daim_adapter,4,1,s21,reverse,13820.019,0,
measured_emulation_calibration,32,daim_adapter,4,1,s22,forward,13180.209,0,
measured_emulation_calibration,32,daim_adapter,4,1,s22,reverse,12623.254,0,
measured_emulation_calibration,32,daim_adapter,4,1,s23,forward,12669.275,0,
measured_emulation_calibration,32,daim_adapter,4,1,s23,reverse,12988.349,0,
measured_emulation_calibration,32,daim_adapter,4,1,s24,forward,13400.504,0,
measured_emulation_calibration,32,daim_adapter,4,1,s24,reverse,12720.078,0,
measured_emulation_calibration,32,daim_adapter,4,1,s25,forward,12199.083,0,
measured_emulation_calibration,32,daim_adapter,4,1,s25,reverse,13049.71,0,
measured_emulation_calibration,32,daim_adapter,4,1,s26,forward,13122.214,0,
measured_emulation_calibration,32,daim_adapter,4,1,s26,reverse,13183.493,0,
measured_emulation_calibration,32,daim_adapter,4,1,s27,forward,13327.252,0,
measured_emulation_calibration,32,daim_adapter,4,1,s27,reverse,12701.078,0,
measured_emulation_calibration,32,daim_adapter,4,1,s28,forward,12473.175,0,
measured_emulation_calibration,32,daim_adapter,4,1,s28,reverse,12541.355,0,
measured_emulation_calibration,32,daim_adapter,4,1,s29,forward,13449.768,0,
measured_emulation_calibration,32,daim_adapter,4,1,s29,reverse,12765.891,0,
measured_emulation_calibration,32,daim_adapter,4,1,s30,forward,13650.359,0,
measured_emulation_calibration,32,daim_adapter,4,1,s30,reverse,13189.645,0,
measured_emulation_calibration,32,daim_adapter,4,1,s31,forward,13303.556,0,
measured_emulation_calibration,32,daim_adapter,4,1,s31,reverse,13045.803,0,
measured_emulation_calibration,32,daim_adapter,4,1,s32,forward,12683.327,0,
measured_emulation_calibration,32,daim_adapter,4,1,s32,reverse,13170.397,0,
measured_emulation_calibration,32,daim_adapter,5,1,s1,forward,14045.386,0,
measured_emulation_calibration,32,daim_adapter,5,1,s1,reverse,13390.028,0,
measured_emulation_calibration,32,daim_adapter,5,1,s2,forward,13049.96,0,
measured_emulation_calibration,32,daim_adapter,5,1,s2,reverse,13934.178,0,
measured_emulation_calibration,32,daim_adapter,5,1,s3,forward,12830.828,0,
measured_emulation_calibration,32,daim_adapter,5,1,s3,reverse,14025.722,0,
measured_emulation_calibration,32,daim_adapter,5,1,s4,forward,13389.987,0,
measured_emulation_calibration,32,daim_adapter,5,1,s4,reverse,13195.466,0,
measured_emulation_calibration,32,daim_adapter,5,1,s5,forward,13658.507,0,
measured_emulation_calibration,32,daim_adapter,5,1,s5,reverse,12945.029,0,
measured_emulation_calibration,32,daim_adapter,5,1,s6,forward,13364.419,0,
measured_emulation_calibration,32,daim_adapter,5,1,s6,reverse,13051.539,0,
measured_emulation_calibration,32,daim_adapter,5,1,s7,forward,12332.7,0,
measured_emulation_calibration,32,daim_adapter,5,1,s7,reverse,13558.815,0,
measured_emulation_calibration,32,daim_adapter,5,1,s8,forward,13120.925,0,
measured_emulation_calibration,32,daim_adapter,5,1,s8,reverse,12466.856,0,
measured_emulation_calibration,32,daim_adapter,5,1,s9,forward,12420.751,0,
measured_emulation_calibration,32,daim_adapter,5,1,s9,reverse,13203.656,0,
measured_emulation_calibration,32,daim_adapter,5,1,s10,forward,12385.132,0,
measured_emulation_calibration,32,daim_adapter,5,1,s10,reverse,12768.859,0,
measured_emulation_calibration,32,daim_adapter,5,1,s11,forward,12942.684,0,
measured_emulation_calibration,32,daim_adapter,5,1,s11,reverse,12924.552,0,
measured_emulation_calibration,32,daim_adapter,5,1,s12,forward,13145.035,0,
measured_emulation_calibration,32,daim_adapter,5,1,s12,reverse,13125.365,0,
measured_emulation_calibration,32,daim_adapter,5,1,s13,forward,13030.926,0,
measured_emulation_calibration,32,daim_adapter,5,1,s13,reverse,12658.534,0,
measured_emulation_calibration,32,daim_adapter,5,1,s14,forward,12484.419,0,
measured_emulation_calibration,32,daim_adapter,5,1,s14,reverse,12812.357,0,
measured_emulation_calibration,32,daim_adapter,5,1,s15,forward,12958.568,0,
measured_emulation_calibration,32,daim_adapter,5,1,s15,reverse,13072.345,0,
measured_emulation_calibration,32,daim_adapter,5,1,s16,forward,12694.921,0,
measured_emulation_calibration,32,daim_adapter,5,1,s16,reverse,13022.567,0,
measured_emulation_calibration,32,daim_adapter,5,1,s17,forward,13068.685,0,
measured_emulation_calibration,32,daim_adapter,5,1,s17,reverse,13135.596,0,
measured_emulation_calibration,32,daim_adapter,5,1,s18,forward,12753.888,0,
measured_emulation_calibration,32,daim_adapter,5,1,s18,reverse,12466.33,0,
measured_emulation_calibration,32,daim_adapter,5,1,s19,forward,13318.486,0,
measured_emulation_calibration,32,daim_adapter,5,1,s19,reverse,13276.318,0,
measured_emulation_calibration,32,daim_adapter,5,1,s20,forward,13476.424,0,
measured_emulation_calibration,32,daim_adapter,5,1,s20,reverse,12359.665,0,
measured_emulation_calibration,32,daim_adapter,5,1,s21,forward,13190.653,0,
measured_emulation_calibration,32,daim_adapter,5,1,s21,reverse,13230.075,0,
measured_emulation_calibration,32,daim_adapter,5,1,s22,forward,13580.012,0,
measured_emulation_calibration,32,daim_adapter,5,1,s22,reverse,12358.584,0,
measured_emulation_calibration,32,daim_adapter,5,1,s23,forward,13676.822,0,
measured_emulation_calibration,32,daim_adapter,5,1,s23,reverse,13427.021,0,
measured_emulation_calibration,32,daim_adapter,5,1,s24,forward,13039.825,0,
measured_emulation_calibration,32,daim_adapter,5,1,s24,reverse,12657.037,0,
measured_emulation_calibration,32,daim_adapter,5,1,s25,forward,12382.952,0,
measured_emulation_calibration,32,daim_adapter,5,1,s25,reverse,13027.184,0,
measured_emulation_calibration,32,daim_adapter,5,1,s26,forward,12607.677,0,
measured_emulation_calibration,32,daim_adapter,5,1,s26,reverse,12704.361,0,
measured_emulation_calibration,32,daim_adapter,5,1,s27,forward,12000.996,0,
measured_emulation_calibration,32,daim_adapter,5,1,s27,reverse,12888.291,0,
measured_emulation_calibration,32,daim_adapter,5,1,s28,forward,12768.443,0,
measured_emulation_calibration,32,daim_adapter,5,1,s28,reverse,13096.422,0,
measured_emulation_calibration,32,daim_adapter,5,1,s29,forward,12081.588,0,
measured_emulation_calibration,32,daim_adapter,5,1,s29,reverse,13258.52,0,
measured_emulation_calibration,32,daim_adapter,5,1,s30,forward,13048.766,0,
measured_emulation_calibration,32,daim_adapter,5,1,s30,reverse,12968.009,0,
measured_emulation_calibration,32,daim_adapter,5,1,s31,forward,12057.593,0,
measured_emulation_calibration,32,daim_adapter,5,1,s31,reverse,12795.889,0,
measured_emulation_calibration,32,daim_adapter,5,1,s32,forward,12527.418,0,
measured_emulation_calibration,32,daim_adapter,5,1,s32,reverse,12421.626,0,
measured_emulation_calibration,32,direct_ovs_ofctl,5,1,s1,forward,9988.458,0,
measured_emulation_calibration,32,direct_ovs_ofctl,5,1,s1,reverse,10008.711,0,
measured_emulation_calibration,32,direct_ovs_ofctl,5,1,s2,forward,9861.542,0,
measured_emulation_calibration,32,direct_ovs_ofctl,5,1,s2,reverse,10216.343,0,
measured_emulation_calibration,32,direct_ovs_ofctl,5,1,s3,forward,9554.271,0,
measured_emulation_calibration,32,direct_ovs_ofctl,5,1,s3,reverse,9914.313,0,
measured_emulation_calibration,32,direct_ovs_ofctl,5,1,s4,forward,9758.328,0,
measured_emulation_calibration,32,direct_ovs_ofctl,5,1,s4,reverse,10202.537,0,
measured_emulation_calibration,32,direct_ovs_ofctl,5,1,s5,forward,9972.032,0,
measured_emulation_calibration,32,direct_ovs_ofctl,5,1,s5,reverse,9905.832,0,
measured_emulation_calibration,32,direct_ovs_ofctl,5,1,s6,forward,10128.472,0,
measured_emulation_calibration,32,direct_ovs_ofctl,5,1,s6,reverse,9722.13,0,
measured_emulation_calibration,32,direct_ovs_ofctl,5,1,s7,forward,9910.348,0,
measured_emulation_calibration,32,direct_ovs_ofctl,5,1,s7,reverse,10302.13,0,
measured_emulation_calibration,32,direct_ovs_ofctl,5,1,s8,forward,8997.129,0,
measured_emulation_calibration,32,direct_ovs_ofctl,5,1,s8,reverse,9820.419,0,
measured_emulation_calibration,32,direct_ovs_ofctl,5,1,s9,forward,9672.881,0,
measured_emulation_calibration,32,direct_ovs_ofctl,5,1,s9,reverse,9850.991,0,
measured_emulation_calibration,32,direct_ovs_ofctl,5,1,s10,forward,9586.28,0,
measured_emulation_calibration,32,direct_ovs_ofctl,5,1,s10,reverse,9669.595,0,
measured_emulation_calibration,32,direct_ovs_ofctl,5,1,s11,forward,9920.455,0,
measured_emulation_calibration,32,direct_ovs_ofctl,5,1,s11,reverse,9792.217,0,
measured_emulation_calibration,32,direct_ovs_ofctl,5,1,s12,forward,9849.826,0,
measured_emulation_calibration,32,direct_ovs_ofctl,5,1,s12,reverse,10355.58,0,
measured_emulation_calibration,32,direct_ovs_ofctl,5,1,s13,forward,9723.835,0,
measured_emulation_calibration,32,direct_ovs_ofctl,5,1,s13,reverse,9830.402,0,
measured_emulation_calibration,32,direct_ovs_ofctl,5,1,s14,forward,9533.579,0,
measured_emulation_calibration,32,direct_ovs_ofctl,5,1,s14,reverse,9752.535,0,
measured_emulation_calibration,32,direct_ovs_ofctl,5,1,s15,forward,9718.054,0,
measured_emulation_calibration,32,direct_ovs_ofctl,5,1,s15,reverse,9912.967,0,
measured_emulation_calibration,32,direct_ovs_ofctl,5,1,s16,forward,9457.876,0,
measured_emulation_calibration,32,direct_ovs_ofctl,5,1,s16,reverse,9846.748,0,
measured_emulation_calibration,32,direct_ovs_ofctl,5,1,s17,forward,10602.364,0,
measured_emulation_calibration,32,direct_ovs_ofctl,5,1,s17,reverse,10199.973,0,
measured_emulation_calibration,32,direct_ovs_ofctl,5,1,s18,forward,10186.788,0,
measured_emulation_calibration,32,direct_ovs_ofctl,5,1,s18,reverse,10699.738,0,
measured_emulation_calibration,32,direct_ovs_ofctl,5,1,s19,forward,9569.767,0,
measured_emulation_calibration,32,direct_ovs_ofctl,5,1,s19,reverse,9914.923,0,
measured_emulation_calibration,32,direct_ovs_ofctl,5,1,s20,forward,9609.698,0,
measured_emulation_calibration,32,direct_ovs_ofctl,5,1,s20,reverse,10269.562,0,
measured_emulation_calibration,32,direct_ovs_ofctl,5,1,s21,forward,10136.707,0,
measured_emulation_calibration,32,direct_ovs_ofctl,5,1,s21,reverse,9363.331,0,
measured_emulation_calibration,32,direct_ovs_ofctl,5,1,s22,forward,10113.123,0,
measured_emulation_calibration,32,direct_ovs_ofctl,5,1,s22,reverse,9704.784,0,
measured_emulation_calibration,32,direct_ovs_ofctl,5,1,s23,forward,10365.688,0,
measured_emulation_calibration,32,direct_ovs_ofctl,5,1,s23,reverse,10019.991,0,
measured_emulation_calibration,32,direct_ovs_ofctl,5,1,s24,forward,9345.82,0,
measured_emulation_calibration,32,direct_ovs_ofctl,5,1,s24,reverse,9813.93,0,
measured_emulation_calibration,32,direct_ovs_ofctl,5,1,s25,forward,9823.122,0,
measured_emulation_calibration,32,direct_ovs_ofctl,5,1,s25,reverse,9911.679,0,
measured_emulation_calibration,32,direct_ovs_ofctl,5,1,s26,forward,9676.708,0,
measured_emulation_calibration,32,direct_ovs_ofctl,5,1,s26,reverse,9254.851,0,
measured_emulation_calibration,32,direct_ovs_ofctl,5,1,s27,forward,9659.03,0,
measured_emulation_calibration,32,direct_ovs_ofctl,5,1,s27,reverse,9758.026,0,
measured_emulation_calibration,32,direct_ovs_ofctl,5,1,s28,forward,9938.673,0,
measured_emulation_calibration,32,direct_ovs_ofctl,5,1,s28,reverse,9603.292,0,
measured_emulation_calibration,32,direct_ovs_ofctl,5,1,s29,forward,10316.107,0,
measured_emulation_calibration,32,direct_ovs_ofctl,5,1,s29,reverse,10329.666,0,
measured_emulation_calibration,32,direct_ovs_ofctl,5,1,s30,forward,9811.06,0,
measured_emulation_calibration,32,direct_ovs_ofctl,5,1,s30,reverse,9799.954,0,
measured_emulation_calibration,32,direct_ovs_ofctl,5,1,s31,forward,9341.743,0,
measured_emulation_calibration,32,direct_ovs_ofctl,5,1,s31,reverse,10151.64,0,
measured_emulation_calibration,32,direct_ovs_ofctl,5,1,s32,forward,10421.426,0,
measured_emulation_calibration,32,direct_ovs_ofctl,5,1,s32,reverse,9764.806,0,
measured_emulation_calibration,64,direct_ovs_ofctl,0,0,s1,forward,11167.549,0,
measured_emulation_calibration,64,direct_ovs_ofctl,0,0,s1,reverse,11623.133,0,
measured_emulation_calibration,64,direct_ovs_ofctl,0,0,s2,forward,13521.7,0,
measured_emulation_calibration,64,direct_ovs_ofctl,0,0,s2,reverse,10904.12,0,
measured_emulation_calibration,64,direct_ovs_ofctl,0,0,s3,forward,9899.56,0,
measured_emulation_calibration,64,direct_ovs_ofctl,0,0,s3,reverse,10906.536,0,
measured_emulation_calibration,64,direct_ovs_ofctl,0,0,s4,forward,10849.76,0,
measured_emulation_calibration,64,direct_ovs_ofctl,0,0,s4,reverse,10022.068,0,
measured_emulation_calibration,64,direct_ovs_ofctl,0,0,s5,forward,18761.069,0,
measured_emulation_calibration,64,direct_ovs_ofctl,0,0,s5,reverse,10287.829,0,
measured_emulation_calibration,64,direct_ovs_ofctl,0,0,s6,forward,11371.494,0,
measured_emulation_calibration,64,direct_ovs_ofctl,0,0,s6,reverse,11788.505,0,
measured_emulation_calibration,64,direct_ovs_ofctl,0,0,s7,forward,10203.477,0,
measured_emulation_calibration,64,direct_ovs_ofctl,0,0,s7,reverse,13571.062,0,
measured_emulation_calibration,64,direct_ovs_ofctl,0,0,s8,forward,10754.661,0,
measured_emulation_calibration,64,direct_ovs_ofctl,0,0,s8,reverse,10713.839,0,
measured_emulation_calibration,64,direct_ovs_ofctl,0,0,s9,forward,10361.976,0,
measured_emulation_calibration,64,direct_ovs_ofctl,0,0,s9,reverse,10324.986,0,
measured_emulation_calibration,64,direct_ovs_ofctl,0,0,s10,forward,10284.955,0,
measured_emulation_calibration,64,direct_ovs_ofctl,0,0,s10,reverse,18389.753,0,
measured_emulation_calibration,64,direct_ovs_ofctl,0,0,s11,forward,11717.149,0,
measured_emulation_calibration,64,direct_ovs_ofctl,0,0,s11,reverse,11670.12,0,
measured_emulation_calibration,64,direct_ovs_ofctl,0,0,s12,forward,10119.167,0,
measured_emulation_calibration,64,direct_ovs_ofctl,0,0,s12,reverse,10692.969,0,
measured_emulation_calibration,64,direct_ovs_ofctl,0,0,s13,forward,14427.496,0,
measured_emulation_calibration,64,direct_ovs_ofctl,0,0,s13,reverse,10733.292,0,
measured_emulation_calibration,64,direct_ovs_ofctl,0,0,s14,forward,10485.4,0,
measured_emulation_calibration,64,direct_ovs_ofctl,0,0,s14,reverse,10707.673,0,
measured_emulation_calibration,64,direct_ovs_ofctl,0,0,s15,forward,10128.747,0,
measured_emulation_calibration,64,direct_ovs_ofctl,0,0,s15,reverse,18542.461,0,
measured_emulation_calibration,64,direct_ovs_ofctl,0,0,s16,forward,10825.058,0,
measured_emulation_calibration,64,direct_ovs_ofctl,0,0,s16,reverse,10541.469,0,
measured_emulation_calibration,64,direct_ovs_ofctl,0,0,s17,forward,9996.034,0,
measured_emulation_calibration,64,direct_ovs_ofctl,0,0,s17,reverse,10319.612,0,
measured_emulation_calibration,64,direct_ovs_ofctl,0,0,s18,forward,10272.458,0,
measured_emulation_calibration,64,direct_ovs_ofctl,0,0,s18,reverse,16713.292,0,
measured_emulation_calibration,64,direct_ovs_ofctl,0,0,s19,forward,11119.645,0,
measured_emulation_calibration,64,direct_ovs_ofctl,0,0,s19,reverse,11205.663,0,
measured_emulation_calibration,64,direct_ovs_ofctl,0,0,s20,forward,11040.5,0,
measured_emulation_calibration,64,direct_ovs_ofctl,0,0,s20,reverse,10870.338,0,
measured_emulation_calibration,64,direct_ovs_ofctl,0,0,s21,forward,13786.545,0,
measured_emulation_calibration,64,direct_ovs_ofctl,0,0,s21,reverse,10848.052,0,
measured_emulation_calibration,64,direct_ovs_ofctl,0,0,s22,forward,11047.831,0,
measured_emulation_calibration,64,direct_ovs_ofctl,0,0,s22,reverse,11613.094,0,
measured_emulation_calibration,64,direct_ovs_ofctl,0,0,s23,forward,10729.417,0,
measured_emulation_calibration,64,direct_ovs_ofctl,0,0,s23,reverse,10261.503,0,
measured_emulation_calibration,64,direct_ovs_ofctl,0,0,s24,forward,13798.708,0,
measured_emulation_calibration,64,direct_ovs_ofctl,0,0,s24,reverse,10601.786,0,
measured_emulation_calibration,64,direct_ovs_ofctl,0,0,s25,forward,10416.337,0,
measured_emulation_calibration,64,direct_ovs_ofctl,0,0,s25,reverse,10282.081,0,
measured_emulation_calibration,64,direct_ovs_ofctl,0,0,s26,forward,10391.843,0,
measured_emulation_calibration,64,direct_ovs_ofctl,0,0,s26,reverse,10905.12,0,
measured_emulation_calibration,64,direct_ovs_ofctl,0,0,s27,forward,18668.885,0,
measured_emulation_calibration,64,direct_ovs_ofctl,0,0,s27,reverse,10898.455,0,
measured_emulation_calibration,64,direct_ovs_ofctl,0,0,s28,forward,10542.635,0,
measured_emulation_calibration,64,direct_ovs_ofctl,0,0,s28,reverse,10088.092,0,
measured_emulation_calibration,64,direct_ovs_ofctl,0,0,s29,forward,11719.19,0,
measured_emulation_calibration,64,direct_ovs_ofctl,0,0,s29,reverse,11406.692,0,
measured_emulation_calibration,64,direct_ovs_ofctl,0,0,s30,forward,10488.066,0,
measured_emulation_calibration,64,direct_ovs_ofctl,0,0,s30,reverse,10664.102,0,
measured_emulation_calibration,64,direct_ovs_ofctl,0,0,s31,forward,10566.878,0,
measured_emulation_calibration,64,direct_ovs_ofctl,0,0,s31,reverse,10423.042,0,
measured_emulation_calibration,64,direct_ovs_ofctl,0,0,s32,forward,10662.311,0,
measured_emulation_calibration,64,direct_ovs_ofctl,0,0,s32,reverse,11680.993,0,
measured_emulation_calibration,64,direct_ovs_ofctl,0,0,s33,forward,11191.292,0,
measured_emulation_calibration,64,direct_ovs_ofctl,0,0,s33,reverse,11182.044,0,
measured_emulation_calibration,64,direct_ovs_ofctl,0,0,s34,forward,10977.267,0,
measured_emulation_calibration,64,direct_ovs_ofctl,0,0,s34,reverse,10291.287,0,
measured_emulation_calibration,64,direct_ovs_ofctl,0,0,s35,forward,10453.993,0,
measured_emulation_calibration,64,direct_ovs_ofctl,0,0,s35,reverse,10433.498,0,
measured_emulation_calibration,64,direct_ovs_ofctl,0,0,s36,forward,10786.175,0,
measured_emulation_calibration,64,direct_ovs_ofctl,0,0,s36,reverse,10549.021,0,
measured_emulation_calibration,64,direct_ovs_ofctl,0,0,s37,forward,10366.115,0,
measured_emulation_calibration,64,direct_ovs_ofctl,0,0,s37,reverse,10473.312,0,
measured_emulation_calibration,64,direct_ovs_ofctl,0,0,s38,forward,10597.751,0,
measured_emulation_calibration,64,direct_ovs_ofctl,0,0,s38,reverse,10188.942,0,
measured_emulation_calibration,64,direct_ovs_ofctl,0,0,s39,forward,11110.932,0,
measured_emulation_calibration,64,direct_ovs_ofctl,0,0,s39,reverse,11521.891,0,
measured_emulation_calibration,64,direct_ovs_ofctl,0,0,s40,forward,10434.825,0,
measured_emulation_calibration,64,direct_ovs_ofctl,0,0,s40,reverse,10761.562,0,
measured_emulation_calibration,64,direct_ovs_ofctl,0,0,s41,forward,10514.581,0,
measured_emulation_calibration,64,direct_ovs_ofctl,0,0,s41,reverse,10214.698,0,
measured_emulation_calibration,64,direct_ovs_ofctl,0,0,s42,forward,11582.298,0,
measured_emulation_calibration,64,direct_ovs_ofctl,0,0,s42,reverse,10532.497,0,
measured_emulation_calibration,64,direct_ovs_ofctl,0,0,s43,forward,11955.782,0,
measured_emulation_calibration,64,direct_ovs_ofctl,0,0,s43,reverse,11256.448,0,
measured_emulation_calibration,64,direct_ovs_ofctl,0,0,s44,forward,11239.46,0,
measured_emulation_calibration,64,direct_ovs_ofctl,0,0,s44,reverse,11734.474,0,
measured_emulation_calibration,64,direct_ovs_ofctl,0,0,s45,forward,10612.926,0,
measured_emulation_calibration,64,direct_ovs_ofctl,0,0,s45,reverse,10202.305,0,
measured_emulation_calibration,64,direct_ovs_ofctl,0,0,s46,forward,10984.598,0,
measured_emulation_calibration,64,direct_ovs_ofctl,0,0,s46,reverse,11001.417,0,
measured_emulation_calibration,64,direct_ovs_ofctl,0,0,s47,forward,11316.391,0,
measured_emulation_calibration,64,direct_ovs_ofctl,0,0,s47,reverse,10949.062,0,
measured_emulation_calibration,64,direct_ovs_ofctl,0,0,s48,forward,10436.85,0,
measured_emulation_calibration,64,direct_ovs_ofctl,0,0,s48,reverse,12669.068,0,
measured_emulation_calibration,64,direct_ovs_ofctl,0,0,s49,forward,11966.742,0,
measured_emulation_calibration,64,direct_ovs_ofctl,0,0,s49,reverse,11484.585,0,
measured_emulation_calibration,64,direct_ovs_ofctl,0,0,s50,forward,10373.997,0,
measured_emulation_calibration,64,direct_ovs_ofctl,0,0,s50,reverse,11000.953,0,
measured_emulation_calibration,64,direct_ovs_ofctl,0,0,s51,forward,10972.795,0,
measured_emulation_calibration,64,direct_ovs_ofctl,0,0,s51,reverse,10538.019,0,
measured_emulation_calibration,64,direct_ovs_ofctl,0,0,s52,forward,10877.611,0,
measured_emulation_calibration,64,direct_ovs_ofctl,0,0,s52,reverse,10212.717,0,
measured_emulation_calibration,64,direct_ovs_ofctl,0,0,s53,forward,10845.701,0,
measured_emulation_calibration,64,direct_ovs_ofctl,0,0,s53,reverse,10474.577,0,
measured_emulation_calibration,64,direct_ovs_ofctl,0,0,s54,forward,9941.33,0,
measured_emulation_calibration,64,direct_ovs_ofctl,0,0,s54,reverse,10505.729,0,
measured_emulation_calibration,64,direct_ovs_ofctl,0,0,s55,forward,11131.631,0,
measured_emulation_calibration,64,direct_ovs_ofctl,0,0,s55,reverse,10142.91,0,
measured_emulation_calibration,64,direct_ovs_ofctl,0,0,s56,forward,12154.58,0,
measured_emulation_calibration,64,direct_ovs_ofctl,0,0,s56,reverse,11846.729,0,
measured_emulation_calibration,64,direct_ovs_ofctl,0,0,s57,forward,10579.836,0,
measured_emulation_calibration,64,direct_ovs_ofctl,0,0,s57,reverse,11662.98,0,
measured_emulation_calibration,64,direct_ovs_ofctl,0,0,s58,forward,10689.773,0,
measured_emulation_calibration,64,direct_ovs_ofctl,0,0,s58,reverse,10002.959,0,
measured_emulation_calibration,64,direct_ovs_ofctl,0,0,s59,forward,10245.217,0,
measured_emulation_calibration,64,direct_ovs_ofctl,0,0,s59,reverse,10100.882,0,
measured_emulation_calibration,64,direct_ovs_ofctl,0,0,s60,forward,12013.87,0,
measured_emulation_calibration,64,direct_ovs_ofctl,0,0,s60,reverse,11683.973,0,
measured_emulation_calibration,64,direct_ovs_ofctl,0,0,s61,forward,11499.17,0,
measured_emulation_calibration,64,direct_ovs_ofctl,0,0,s61,reverse,10896.664,0,
measured_emulation_calibration,64,direct_ovs_ofctl,0,0,s62,forward,10629.324,0,
measured_emulation_calibration,64,direct_ovs_ofctl,0,0,s62,reverse,10231.433,0,
measured_emulation_calibration,64,direct_ovs_ofctl,0,0,s63,forward,10924.95,0,
measured_emulation_calibration,64,direct_ovs_ofctl,0,0,s63,reverse,11130.113,0,
measured_emulation_calibration,64,direct_ovs_ofctl,0,0,s64,forward,11046.564,0,
measured_emulation_calibration,64,direct_ovs_ofctl,0,0,s64,reverse,10988.349,0,
measured_emulation_calibration,64,daim_adapter,0,0,s1,forward,15727.726,0,
measured_emulation_calibration,64,daim_adapter,0,0,s1,reverse,14399.104,0,
measured_emulation_calibration,64,daim_adapter,0,0,s2,forward,13215.417,0,
measured_emulation_calibration,64,daim_adapter,0,0,s2,reverse,13518.59,0,
measured_emulation_calibration,64,daim_adapter,0,0,s3,forward,14091.764,0,
measured_emulation_calibration,64,daim_adapter,0,0,s3,reverse,14051.268,0,
measured_emulation_calibration,64,daim_adapter,0,0,s4,forward,13729.488,0,
measured_emulation_calibration,64,daim_adapter,0,0,s4,reverse,13480.872,0,
measured_emulation_calibration,64,daim_adapter,0,0,s5,forward,14056.993,0,
measured_emulation_calibration,64,daim_adapter,0,0,s5,reverse,13717.239,0,
measured_emulation_calibration,64,daim_adapter,0,0,s6,forward,14016.118,0,
measured_emulation_calibration,64,daim_adapter,0,0,s6,reverse,14267.261,0,
measured_emulation_calibration,64,daim_adapter,0,0,s7,forward,13842.178,0,
measured_emulation_calibration,64,daim_adapter,0,0,s7,reverse,13497.668,0,
measured_emulation_calibration,64,daim_adapter,0,0,s8,forward,14036.871,0,
measured_emulation_calibration,64,daim_adapter,0,0,s8,reverse,14238.298,0,
measured_emulation_calibration,64,daim_adapter,0,0,s9,forward,13766.449,0,
measured_emulation_calibration,64,daim_adapter,0,0,s9,reverse,13909.995,0,
measured_emulation_calibration,64,daim_adapter,0,0,s10,forward,13185.192,0,
measured_emulation_calibration,64,daim_adapter,0,0,s10,reverse,13601.939,0,
measured_emulation_calibration,64,daim_adapter,0,0,s11,forward,14281.783,0,
measured_emulation_calibration,64,daim_adapter,0,0,s11,reverse,13824.709,0,
measured_emulation_calibration,64,daim_adapter,0,0,s12,forward,13998.522,0,
measured_emulation_calibration,64,daim_adapter,0,0,s12,reverse,13817.932,0,
measured_emulation_calibration,64,daim_adapter,0,0,s13,forward,13654.811,0,
measured_emulation_calibration,64,daim_adapter,0,0,s13,reverse,13894.84,0,
measured_emulation_calibration,64,daim_adapter,0,0,s14,forward,14067.726,0,
measured_emulation_calibration,64,daim_adapter,0,0,s14,reverse,13777.604,0,
measured_emulation_calibration,64,daim_adapter,0,0,s15,forward,13129.289,0,
measured_emulation_calibration,64,daim_adapter,0,0,s15,reverse,13885.158,0,
measured_emulation_calibration,64,daim_adapter,0,0,s16,forward,13260.879,0,
measured_emulation_calibration,64,daim_adapter,0,0,s16,reverse,13738.96,0,
measured_emulation_calibration,64,daim_adapter,0,0,s17,forward,13949.985,0,
measured_emulation_calibration,64,daim_adapter,0,0,s17,reverse,13558.875,0,
measured_emulation_calibration,64,daim_adapter,0,0,s18,forward,13915.72,0,
measured_emulation_calibration,64,daim_adapter,0,0,s18,reverse,12956.024,0,
measured_emulation_calibration,64,daim_adapter,0,0,s19,forward,14668.263,0,
measured_emulation_calibration,64,daim_adapter,0,0,s19,reverse,14639.891,0,
measured_emulation_calibration,64,daim_adapter,0,0,s20,forward,14046.006,0,
measured_emulation_calibration,64,daim_adapter,0,0,s20,reverse,15186.334,0,
measured_emulation_calibration,64,daim_adapter,0,0,s21,forward,13944.723,0,
measured_emulation_calibration,64,daim_adapter,0,0,s21,reverse,12935.649,0,
measured_emulation_calibration,64,daim_adapter,0,0,s22,forward,13656.747,0,
measured_emulation_calibration,64,daim_adapter,0,0,s22,reverse,13720.311,0,
measured_emulation_calibration,64,daim_adapter,0,0,s23,forward,13804.587,0,
measured_emulation_calibration,64,daim_adapter,0,0,s23,reverse,13998.816,0,
measured_emulation_calibration,64,daim_adapter,0,0,s24,forward,13051.596,0,
measured_emulation_calibration,64,daim_adapter,0,0,s24,reverse,12880.534,0,
measured_emulation_calibration,64,daim_adapter,0,0,s25,forward,17063.217,0,
measured_emulation_calibration,64,daim_adapter,0,0,s25,reverse,13786.301,0,
measured_emulation_calibration,64,daim_adapter,0,0,s26,forward,13391.377,0,
measured_emulation_calibration,64,daim_adapter,0,0,s26,reverse,12994.307,0,
measured_emulation_calibration,64,daim_adapter,0,0,s27,forward,13246.828,0,
measured_emulation_calibration,64,daim_adapter,0,0,s27,reverse,14005.901,0,
measured_emulation_calibration,64,daim_adapter,0,0,s28,forward,13352.864,0,
measured_emulation_calibration,64,daim_adapter,0,0,s28,reverse,13177.412,0,
measured_emulation_calibration,64,daim_adapter,0,0,s29,forward,14496.351,0,
measured_emulation_calibration,64,daim_adapter,0,0,s29,reverse,14312.49,0,
measured_emulation_calibration,64,daim_adapter,0,0,s30,forward,12617.713,0,
measured_emulation_calibration,64,daim_adapter,0,0,s30,reverse,14917.849,0,
measured_emulation_calibration,64,daim_adapter,0,0,s31,forward,14084.987,0,
measured_emulation_calibration,64,daim_adapter,0,0,s31,reverse,14361.471,0,
measured_emulation_calibration,64,daim_adapter,0,0,s32,forward,14541.297,0,
measured_emulation_calibration,64,daim_adapter,0,0,s32,reverse,14472.932,0,
measured_emulation_calibration,64,daim_adapter,0,0,s33,forward,13935.098,0,
measured_emulation_calibration,64,daim_adapter,0,0,s33,reverse,14953.291,0,
measured_emulation_calibration,64,daim_adapter,0,0,s34,forward,13905.792,0,
measured_emulation_calibration,64,daim_adapter,0,0,s34,reverse,14884.927,0,
measured_emulation_calibration,64,daim_adapter,0,0,s35,forward,13968.523,0,
measured_emulation_calibration,64,daim_adapter,0,0,s35,reverse,13810.562,0,
measured_emulation_calibration,64,daim_adapter,0,0,s36,forward,13515.87,0,
measured_emulation_calibration,64,daim_adapter,0,0,s36,reverse,14226.593,0,
measured_emulation_calibration,64,daim_adapter,0,0,s37,forward,14393.972,0,
measured_emulation_calibration,64,daim_adapter,0,0,s37,reverse,13878.842,0,
measured_emulation_calibration,64,daim_adapter,0,0,s38,forward,13441.662,0,
measured_emulation_calibration,64,daim_adapter,0,0,s38,reverse,13917.901,0,
measured_emulation_calibration,64,daim_adapter,0,0,s39,forward,14972.969,0,
measured_emulation_calibration,64,daim_adapter,0,0,s39,reverse,14133.632,0,
measured_emulation_calibration,64,daim_adapter,0,0,s40,forward,13509.06,0,
measured_emulation_calibration,64,daim_adapter,0,0,s40,reverse,13780.752,0,
measured_emulation_calibration,64,daim_adapter,0,0,s41,forward,13710.243,0,
measured_emulation_calibration,64,daim_adapter,0,0,s41,reverse,13723.613,0,
measured_emulation_calibration,64,daim_adapter,0,0,s42,forward,13587.137,0,
measured_emulation_calibration,64,daim_adapter,0,0,s42,reverse,14594.567,0,
measured_emulation_calibration,64,daim_adapter,0,0,s43,forward,13988.41,0,
measured_emulation_calibration,64,daim_adapter,0,0,s43,reverse,14364.877,0,
measured_emulation_calibration,64,daim_adapter,0,0,s44,forward,13806.903,0,
measured_emulation_calibration,64,daim_adapter,0,0,s44,reverse,15075.852,0,
measured_emulation_calibration,64,daim_adapter,0,0,s45,forward,13681.401,0,
measured_emulation_calibration,64,daim_adapter,0,0,s45,reverse,12737.961,0,
measured_emulation_calibration,64,daim_adapter,0,0,s46,forward,14177.443,0,
measured_emulation_calibration,64,daim_adapter,0,0,s46,reverse,14133.759,0,
measured_emulation_calibration,64,daim_adapter,0,0,s47,forward,13952.21,0,
measured_emulation_calibration,64,daim_adapter,0,0,s47,reverse,14346.336,0,
measured_emulation_calibration,64,daim_adapter,0,0,s48,forward,12851.397,0,
measured_emulation_calibration,64,daim_adapter,0,0,s48,reverse,13819.853,0,
measured_emulation_calibration,64,daim_adapter,0,0,s49,forward,14135.903,0,
measured_emulation_calibration,64,daim_adapter,0,0,s49,reverse,14402.801,0,
measured_emulation_calibration,64,daim_adapter,0,0,s50,forward,14398.135,0,
measured_emulation_calibration,64,daim_adapter,0,0,s50,reverse,14523.175,0,
measured_emulation_calibration,64,daim_adapter,0,0,s51,forward,12980.769,0,
measured_emulation_calibration,64,daim_adapter,0,0,s51,reverse,13662.312,0,
measured_emulation_calibration,64,daim_adapter,0,0,s52,forward,13562.078,0,
measured_emulation_calibration,64,daim_adapter,0,0,s52,reverse,13814.724,0,
measured_emulation_calibration,64,daim_adapter,0,0,s53,forward,13666.642,0,
measured_emulation_calibration,64,daim_adapter,0,0,s53,reverse,13204.32,0,
measured_emulation_calibration,64,daim_adapter,0,0,s54,forward,13689.431,0,
measured_emulation_calibration,64,daim_adapter,0,0,s54,reverse,13594.746,0,
measured_emulation_calibration,64,daim_adapter,0,0,s55,forward,14632.66,0,
measured_emulation_calibration,64,daim_adapter,0,0,s55,reverse,14785.324,0,
measured_emulation_calibration,64,daim_adapter,0,0,s56,forward,14073.172,0,
measured_emulation_calibration,64,daim_adapter,0,0,s56,reverse,14882.741,0,
measured_emulation_calibration,64,daim_adapter,0,0,s57,forward,13408.657,0,
measured_emulation_calibration,64,daim_adapter,0,0,s57,reverse,14371.731,0,
measured_emulation_calibration,64,daim_adapter,0,0,s58,forward,13747.495,0,
measured_emulation_calibration,64,daim_adapter,0,0,s58,reverse,12845.637,0,
measured_emulation_calibration,64,daim_adapter,0,0,s59,forward,13758.678,0,
measured_emulation_calibration,64,daim_adapter,0,0,s59,reverse,13184.181,0,
measured_emulation_calibration,64,daim_adapter,0,0,s60,forward,14695.246,0,
measured_emulation_calibration,64,daim_adapter,0,0,s60,reverse,15502.399,0,
measured_emulation_calibration,64,daim_adapter,0,0,s61,forward,14780.168,0,
measured_emulation_calibration,64,daim_adapter,0,0,s61,reverse,14325.056,0,
measured_emulation_calibration,64,daim_adapter,0,0,s62,forward,13523.151,0,
measured_emulation_calibration,64,daim_adapter,0,0,s62,reverse,13753.101,0,
measured_emulation_calibration,64,daim_adapter,0,0,s63,forward,14358.74,0,
measured_emulation_calibration,64,daim_adapter,0,0,s63,reverse,15234.398,0,
measured_emulation_calibration,64,daim_adapter,0,0,s64,forward,15620.167,0,
measured_emulation_calibration,64,daim_adapter,0,0,s64,reverse,14009.763,0,
measured_emulation_calibration,64,daim_adapter,1,1,s1,forward,14953.586,0,
measured_emulation_calibration,64,daim_adapter,1,1,s1,reverse,14889.284,0,
measured_emulation_calibration,64,daim_adapter,1,1,s2,forward,13816.478,0,
measured_emulation_calibration,64,daim_adapter,1,1,s2,reverse,14737.706,0,
measured_emulation_calibration,64,daim_adapter,1,1,s3,forward,14337.615,0,
measured_emulation_calibration,64,daim_adapter,1,1,s3,reverse,13889.306,0,
measured_emulation_calibration,64,daim_adapter,1,1,s4,forward,13375.059,0,
measured_emulation_calibration,64,daim_adapter,1,1,s4,reverse,13432.935,0,
measured_emulation_calibration,64,daim_adapter,1,1,s5,forward,13792.203,0,
measured_emulation_calibration,64,daim_adapter,1,1,s5,reverse,13627.521,0,
measured_emulation_calibration,64,daim_adapter,1,1,s6,forward,14066.672,0,
measured_emulation_calibration,64,daim_adapter,1,1,s6,reverse,13573.083,0,
measured_emulation_calibration,64,daim_adapter,1,1,s7,forward,13473.146,0,
measured_emulation_calibration,64,daim_adapter,1,1,s7,reverse,12634.011,0,
measured_emulation_calibration,64,daim_adapter,1,1,s8,forward,14149.01,0,
measured_emulation_calibration,64,daim_adapter,1,1,s8,reverse,14806.873,0,
measured_emulation_calibration,64,daim_adapter,1,1,s9,forward,14144.395,0,
measured_emulation_calibration,64,daim_adapter,1,1,s9,reverse,13108.044,0,
measured_emulation_calibration,64,daim_adapter,1,1,s10,forward,13598.357,0,
measured_emulation_calibration,64,daim_adapter,1,1,s10,reverse,12918.129,0,
measured_emulation_calibration,64,daim_adapter,1,1,s11,forward,13485.86,0,
measured_emulation_calibration,64,daim_adapter,1,1,s11,reverse,14869.646,0,
measured_emulation_calibration,64,daim_adapter,1,1,s12,forward,13833.045,0,
measured_emulation_calibration,64,daim_adapter,1,1,s12,reverse,13999.545,0,
measured_emulation_calibration,64,daim_adapter,1,1,s13,forward,14388.271,0,
measured_emulation_calibration,64,daim_adapter,1,1,s13,reverse,12873.273,0,
measured_emulation_calibration,64,daim_adapter,1,1,s14,forward,13941.262,0,
measured_emulation_calibration,64,daim_adapter,1,1,s14,reverse,13998.202,0,
measured_emulation_calibration,64,daim_adapter,1,1,s15,forward,13995.307,0,
measured_emulation_calibration,64,daim_adapter,1,1,s15,reverse,14628.665,0,
measured_emulation_calibration,64,daim_adapter,1,1,s16,forward,13543.64,0,
measured_emulation_calibration,64,daim_adapter,1,1,s16,reverse,14401.111,0,
measured_emulation_calibration,64,daim_adapter,1,1,s17,forward,13691.803,0,
measured_emulation_calibration,64,daim_adapter,1,1,s17,reverse,13646.234,0,
measured_emulation_calibration,64,daim_adapter,1,1,s18,forward,13696.755,0,
measured_emulation_calibration,64,daim_adapter,1,1,s18,reverse,13749.249,0,
measured_emulation_calibration,64,daim_adapter,1,1,s19,forward,13166.075,0,
measured_emulation_calibration,64,daim_adapter,1,1,s19,reverse,14562.87,0,
measured_emulation_calibration,64,daim_adapter,1,1,s20,forward,14170.787,0,
measured_emulation_calibration,64,daim_adapter,1,1,s20,reverse,15171.01,0,
measured_emulation_calibration,64,daim_adapter,1,1,s21,forward,13963.752,0,
measured_emulation_calibration,64,daim_adapter,1,1,s21,reverse,13313.316,0,
measured_emulation_calibration,64,daim_adapter,1,1,s22,forward,12987.406,0,
measured_emulation_calibration,64,daim_adapter,1,1,s22,reverse,13662.347,0,
measured_emulation_calibration,64,daim_adapter,1,1,s23,forward,13623.197,0,
measured_emulation_calibration,64,daim_adapter,1,1,s23,reverse,13487.958,0,
measured_emulation_calibration,64,daim_adapter,1,1,s24,forward,13632.471,0,
measured_emulation_calibration,64,daim_adapter,1,1,s24,reverse,13255.788,0,
measured_emulation_calibration,64,daim_adapter,1,1,s25,forward,13636.793,0,
measured_emulation_calibration,64,daim_adapter,1,1,s25,reverse,13566.97,0,
measured_emulation_calibration,64,daim_adapter,1,1,s26,forward,13752.563,0,
measured_emulation_calibration,64,daim_adapter,1,1,s26,reverse,13495.049,0,
measured_emulation_calibration,64,daim_adapter,1,1,s27,forward,13409.491,0,
measured_emulation_calibration,64,daim_adapter,1,1,s27,reverse,13918.267,0,
measured_emulation_calibration,64,daim_adapter,1,1,s28,forward,14276.865,0,
measured_emulation_calibration,64,daim_adapter,1,1,s28,reverse,14336.785,0,
measured_emulation_calibration,64,daim_adapter,1,1,s29,forward,13684.418,0,
measured_emulation_calibration,64,daim_adapter,1,1,s29,reverse,14403.755,0,
measured_emulation_calibration,64,daim_adapter,1,1,s30,forward,15010.929,0,
measured_emulation_calibration,64,daim_adapter,1,1,s30,reverse,13631.422,0,
measured_emulation_calibration,64,daim_adapter,1,1,s31,forward,13771.698,0,
measured_emulation_calibration,64,daim_adapter,1,1,s31,reverse,14274.012,0,
measured_emulation_calibration,64,daim_adapter,1,1,s32,forward,15362.562,0,
measured_emulation_calibration,64,daim_adapter,1,1,s32,reverse,14035.758,0,
measured_emulation_calibration,64,daim_adapter,1,1,s33,forward,14277.872,0,
measured_emulation_calibration,64,daim_adapter,1,1,s33,reverse,14532.114,0,
measured_emulation_calibration,64,daim_adapter,1,1,s34,forward,13258.725,0,
measured_emulation_calibration,64,daim_adapter,1,1,s34,reverse,13559.25,0,
measured_emulation_calibration,64,daim_adapter,1,1,s35,forward,13620.554,0,
measured_emulation_calibration,64,daim_adapter,1,1,s35,reverse,12863.244,0,
measured_emulation_calibration,64,daim_adapter,1,1,s36,forward,13798.343,0,
measured_emulation_calibration,64,daim_adapter,1,1,s36,reverse,13324.1,0,
measured_emulation_calibration,64,daim_adapter,1,1,s37,forward,13248.99,0,
measured_emulation_calibration,64,daim_adapter,1,1,s37,reverse,16650.635,0,
measured_emulation_calibration,64,daim_adapter,1,1,s38,forward,13381.041,0,
measured_emulation_calibration,64,daim_adapter,1,1,s38,reverse,13514.519,0,
measured_emulation_calibration,64,daim_adapter,1,1,s39,forward,15066.653,0,
measured_emulation_calibration,64,daim_adapter,1,1,s39,reverse,13439.996,0,
measured_emulation_calibration,64,daim_adapter,1,1,s40,forward,13406.05,0,
measured_emulation_calibration,64,daim_adapter,1,1,s40,reverse,13782.733,0,
measured_emulation_calibration,64,daim_adapter,1,1,s41,forward,13052.446,0,
measured_emulation_calibration,64,daim_adapter,1,1,s41,reverse,13438.276,0,
measured_emulation_calibration,64,daim_adapter,1,1,s42,forward,13589.839,0,
measured_emulation_calibration,64,daim_adapter,1,1,s42,reverse,14464.592,0,
measured_emulation_calibration,64,daim_adapter,1,1,s43,forward,14009.148,0,
measured_emulation_calibration,64,daim_adapter,1,1,s43,reverse,13907.979,0,
measured_emulation_calibration,64,daim_adapter,1,1,s44,forward,14670.92,0,
measured_emulation_calibration,64,daim_adapter,1,1,s44,reverse,14300.538,0,
measured_emulation_calibration,64,daim_adapter,1,1,s45,forward,13625.98,0,
measured_emulation_calibration,64,daim_adapter,1,1,s45,reverse,13577.722,0,
measured_emulation_calibration,64,daim_adapter,1,1,s46,forward,13468.964,0,
measured_emulation_calibration,64,daim_adapter,1,1,s46,reverse,21062.483,0,
measured_emulation_calibration,64,daim_adapter,1,1,s47,forward,13599.272,0,
measured_emulation_calibration,64,daim_adapter,1,1,s47,reverse,14571.554,0,
measured_emulation_calibration,64,daim_adapter,1,1,s48,forward,13265.745,0,
measured_emulation_calibration,64,daim_adapter,1,1,s48,reverse,13345.867,0,
measured_emulation_calibration,64,daim_adapter,1,1,s49,forward,14015.982,0,
measured_emulation_calibration,64,daim_adapter,1,1,s49,reverse,14517.845,0,
measured_emulation_calibration,64,daim_adapter,1,1,s50,forward,13990.491,0,
measured_emulation_calibration,64,daim_adapter,1,1,s50,reverse,14457.764,0,
measured_emulation_calibration,64,daim_adapter,1,1,s51,forward,13111.957,0,
measured_emulation_calibration,64,daim_adapter,1,1,s51,reverse,14808.062,0,
measured_emulation_calibration,64,daim_adapter,1,1,s52,forward,13028.397,0,
measured_emulation_calibration,64,daim_adapter,1,1,s52,reverse,13434.626,0,
measured_emulation_calibration,64,daim_adapter,1,1,s53,forward,13855.864,0,
measured_emulation_calibration,64,daim_adapter,1,1,s53,reverse,13990.826,0,
measured_emulation_calibration,64,daim_adapter,1,1,s54,forward,14186.456,0,
measured_emulation_calibration,64,daim_adapter,1,1,s54,reverse,13818.968,0,
measured_emulation_calibration,64,daim_adapter,1,1,s55,forward,12730.172,0,
measured_emulation_calibration,64,daim_adapter,1,1,s55,reverse,14699.43,0,
measured_emulation_calibration,64,daim_adapter,1,1,s56,forward,14750.832,0,
measured_emulation_calibration,64,daim_adapter,1,1,s56,reverse,14794.478,0,
measured_emulation_calibration,64,daim_adapter,1,1,s57,forward,14171.865,0,
measured_emulation_calibration,64,daim_adapter,1,1,s57,reverse,14251.568,0,
measured_emulation_calibration,64,daim_adapter,1,1,s58,forward,12852.851,0,
measured_emulation_calibration,64,daim_adapter,1,1,s58,reverse,13792.093,0,
measured_emulation_calibration,64,daim_adapter,1,1,s59,forward,13668.661,0,
measured_emulation_calibration,64,daim_adapter,1,1,s59,reverse,13279.875,0,
measured_emulation_calibration,64,daim_adapter,1,1,s60,forward,13788.069,0,
measured_emulation_calibration,64,daim_adapter,1,1,s60,reverse,15206.533,0,
measured_emulation_calibration,64,daim_adapter,1,1,s61,forward,14633.856,0,
measured_emulation_calibration,64,daim_adapter,1,1,s61,reverse,15243.555,0,
measured_emulation_calibration,64,daim_adapter,1,1,s62,forward,13452.277,0,
measured_emulation_calibration,64,daim_adapter,1,1,s62,reverse,13866.22,0,
measured_emulation_calibration,64,daim_adapter,1,1,s63,forward,15175.801,0,
measured_emulation_calibration,64,daim_adapter,1,1,s63,reverse,14631.592,0,
measured_emulation_calibration,64,daim_adapter,1,1,s64,forward,13658.012,0,
measured_emulation_calibration,64,daim_adapter,1,1,s64,reverse,14691.967,0,
measured_emulation_calibration,64,direct_ovs_ofctl,1,1,s1,forward,11427.612,0,
measured_emulation_calibration,64,direct_ovs_ofctl,1,1,s1,reverse,10833.096,0,
measured_emulation_calibration,64,direct_ovs_ofctl,1,1,s2,forward,10544.217,0,
measured_emulation_calibration,64,direct_ovs_ofctl,1,1,s2,reverse,10578.28,0,
measured_emulation_calibration,64,direct_ovs_ofctl,1,1,s3,forward,10874.071,0,
measured_emulation_calibration,64,direct_ovs_ofctl,1,1,s3,reverse,10090.392,0,
measured_emulation_calibration,64,direct_ovs_ofctl,1,1,s4,forward,10849.604,0,
measured_emulation_calibration,64,direct_ovs_ofctl,1,1,s4,reverse,11055.778,0,
measured_emulation_calibration,64,direct_ovs_ofctl,1,1,s5,forward,10037.224,0,
measured_emulation_calibration,64,direct_ovs_ofctl,1,1,s5,reverse,10724.081,0,
measured_emulation_calibration,64,direct_ovs_ofctl,1,1,s6,forward,11514.799,0,
measured_emulation_calibration,64,direct_ovs_ofctl,1,1,s6,reverse,10670.955,0,
measured_emulation_calibration,64,direct_ovs_ofctl,1,1,s7,forward,10906.75,0,
measured_emulation_calibration,64,direct_ovs_ofctl,1,1,s7,reverse,10627.718,0,
measured_emulation_calibration,64,direct_ovs_ofctl,1,1,s8,forward,10223.623,0,
measured_emulation_calibration,64,direct_ovs_ofctl,1,1,s8,reverse,10761.076,0,
measured_emulation_calibration,64,direct_ovs_ofctl,1,1,s9,forward,10346.548,0,
measured_emulation_calibration,64,direct_ovs_ofctl,1,1,s9,reverse,10436.207,0,
measured_emulation_calibration,64,direct_ovs_ofctl,1,1,s10,forward,10969.596,0,
measured_emulation_calibration,64,direct_ovs_ofctl,1,1,s10,reverse,10561.647,0,
measured_emulation_calibration,64,direct_ovs_ofctl,1,1,s11,forward,10699.738,0,
measured_emulation_calibration,64,direct_ovs_ofctl,1,1,s11,reverse,11014.049,0,
measured_emulation_calibration,64,direct_ovs_ofctl,1,1,s12,forward,10475.842,0,
measured_emulation_calibration,64,direct_ovs_ofctl,1,1,s12,reverse,11083.891,0,
measured_emulation_calibration,64,direct_ovs_ofctl,1,1,s13,forward,11314.449,0,
measured_emulation_calibration,64,direct_ovs_ofctl,1,1,s13,reverse,10425.733,0,
measured_emulation_calibration,64,direct_ovs_ofctl,1,1,s14,forward,10531.02,0,
measured_emulation_calibration,64,direct_ovs_ofctl,1,1,s14,reverse,10470.521,0,
measured_emulation_calibration,64,direct_ovs_ofctl,1,1,s15,forward,11030.179,0,
measured_emulation_calibration,64,direct_ovs_ofctl,1,1,s15,reverse,10913.286,0,
measured_emulation_calibration,64,direct_ovs_ofctl,1,1,s16,forward,10903.441,0,
measured_emulation_calibration,64,direct_ovs_ofctl,1,1,s16,reverse,11015.641,0,
measured_emulation_calibration,64,direct_ovs_ofctl,1,1,s17,forward,11057.998,0,
measured_emulation_calibration,64,direct_ovs_ofctl,1,1,s17,reverse,10884.545,0,
measured_emulation_calibration,64,direct_ovs_ofctl,1,1,s18,forward,10702.126,0,
measured_emulation_calibration,64,direct_ovs_ofctl,1,1,s18,reverse,11232.122,0,
measured_emulation_calibration,64,direct_ovs_ofctl,1,1,s19,forward,10621.517,0,
measured_emulation_calibration,64,direct_ovs_ofctl,1,1,s19,reverse,11318.429,0,
measured_emulation_calibration,64,direct_ovs_ofctl,1,1,s20,forward,12170.36,0,
measured_emulation_calibration,64,direct_ovs_ofctl,1,1,s20,reverse,10721.357,0,
measured_emulation_calibration,64,direct_ovs_ofctl,1,1,s21,forward,10899.922,0,
measured_emulation_calibration,64,direct_ovs_ofctl,1,1,s21,reverse,10888.274,0,
measured_emulation_calibration,64,direct_ovs_ofctl,1,1,s22,forward,10470.856,0,
measured_emulation_calibration,64,direct_ovs_ofctl,1,1,s22,reverse,10960.672,0,
measured_emulation_calibration,64,direct_ovs_ofctl,1,1,s23,forward,10715.366,0,
measured_emulation_calibration,64,direct_ovs_ofctl,1,1,s23,reverse,10387.23,0,
measured_emulation_calibration,64,direct_ovs_ofctl,1,1,s24,forward,10557.792,0,
measured_emulation_calibration,64,direct_ovs_ofctl,1,1,s24,reverse,10055.03,0,
measured_emulation_calibration,64,direct_ovs_ofctl,1,1,s25,forward,10793.713,0,
measured_emulation_calibration,64,direct_ovs_ofctl,1,1,s25,reverse,10975.629,0,
measured_emulation_calibration,64,direct_ovs_ofctl,1,1,s26,forward,10438.512,0,
measured_emulation_calibration,64,direct_ovs_ofctl,1,1,s26,reverse,11520.623,0,
measured_emulation_calibration,64,direct_ovs_ofctl,1,1,s27,forward,11679.538,0,
measured_emulation_calibration,64,direct_ovs_ofctl,1,1,s27,reverse,10920.786,0,
measured_emulation_calibration,64,direct_ovs_ofctl,1,1,s28,forward,10468.342,0,
measured_emulation_calibration,64,direct_ovs_ofctl,1,1,s28,reverse,10906.584,0,
measured_emulation_calibration,64,direct_ovs_ofctl,1,1,s29,forward,10726.469,0,
measured_emulation_calibration,64,direct_ovs_ofctl,1,1,s29,reverse,12030.717,0,
measured_emulation_calibration,64,direct_ovs_ofctl,1,1,s30,forward,11378.132,0,
measured_emulation_calibration,64,direct_ovs_ofctl,1,1,s30,reverse,11476.841,0,
measured_emulation_calibration,64,direct_ovs_ofctl,1,1,s31,forward,10592.003,0,
measured_emulation_calibration,64,direct_ovs_ofctl,1,1,s31,reverse,10724.794,0,
measured_emulation_calibration,64,direct_ovs_ofctl,1,1,s32,forward,11053.981,0,
measured_emulation_calibration,64,direct_ovs_ofctl,1,1,s32,reverse,14634.803,0,
measured_emulation_calibration,64,direct_ovs_ofctl,1,1,s33,forward,11670.484,0,
measured_emulation_calibration,64,direct_ovs_ofctl,1,1,s33,reverse,11367.006,0,
measured_emulation_calibration,64,direct_ovs_ofctl,1,1,s34,forward,10783.831,0,
measured_emulation_calibration,64,direct_ovs_ofctl,1,1,s34,reverse,10831.439,0,
measured_emulation_calibration,64,direct_ovs_ofctl,1,1,s35,forward,10169.17,0,
measured_emulation_calibration,64,direct_ovs_ofctl,1,1,s35,reverse,10098.241,0,
measured_emulation_calibration,64,direct_ovs_ofctl,1,1,s36,forward,11066.793,0,
measured_emulation_calibration,64,direct_ovs_ofctl,1,1,s36,reverse,10804.516,0,
measured_emulation_calibration,64,direct_ovs_ofctl,1,1,s37,forward,10889.849,0,
measured_emulation_calibration,64,direct_ovs_ofctl,1,1,s37,reverse,10378.942,0,
measured_emulation_calibration,64,direct_ovs_ofctl,1,1,s38,forward,10190.483,0,
measured_emulation_calibration,64,direct_ovs_ofctl,1,1,s38,reverse,10506.104,0,
measured_emulation_calibration,64,direct_ovs_ofctl,1,1,s39,forward,11909.985,0,
measured_emulation_calibration,64,direct_ovs_ofctl,1,1,s39,reverse,10625.603,0,
measured_emulation_calibration,64,direct_ovs_ofctl,1,1,s40,forward,10820.469,0,
measured_emulation_calibration,64,direct_ovs_ofctl,1,1,s40,reverse,10940.638,0,
measured_emulation_calibration,64,direct_ovs_ofctl,1,1,s41,forward,10006.335,0,
measured_emulation_calibration,64,direct_ovs_ofctl,1,1,s41,reverse,10747.865,0,
measured_emulation_calibration,64,direct_ovs_ofctl,1,1,s42,forward,10829.345,0,
measured_emulation_calibration,64,direct_ovs_ofctl,1,1,s42,reverse,11252.364,0,
measured_emulation_calibration,64,direct_ovs_ofctl,1,1,s43,forward,10890.057,0,
measured_emulation_calibration,64,direct_ovs_ofctl,1,1,s43,reverse,11278.618,0,
measured_emulation_calibration,64,direct_ovs_ofctl,1,1,s44,forward,11252.407,0,
measured_emulation_calibration,64,direct_ovs_ofctl,1,1,s44,reverse,11552.954,0,
measured_emulation_calibration,64,direct_ovs_ofctl,1,1,s45,forward,10523.815,0,
measured_emulation_calibration,64,direct_ovs_ofctl,1,1,s45,reverse,10334.392,0,
measured_emulation_calibration,64,direct_ovs_ofctl,1,1,s46,forward,10480.102,0,
measured_emulation_calibration,64,direct_ovs_ofctl,1,1,s46,reverse,10077.013,0,
measured_emulation_calibration,64,direct_ovs_ofctl,1,1,s47,forward,11599.891,0,
measured_emulation_calibration,64,direct_ovs_ofctl,1,1,s47,reverse,11791.826,0,
measured_emulation_calibration,64,direct_ovs_ofctl,1,1,s48,forward,9840.862,0,
measured_emulation_calibration,64,direct_ovs_ofctl,1,1,s48,reverse,11453.009,0,
measured_emulation_calibration,64,direct_ovs_ofctl,1,1,s49,forward,11368.89,0,
measured_emulation_calibration,64,direct_ovs_ofctl,1,1,s49,reverse,10961.489,0,
measured_emulation_calibration,64,direct_ovs_ofctl,1,1,s50,forward,11025.049,0,
measured_emulation_calibration,64,direct_ovs_ofctl,1,1,s50,reverse,10847.224,0,
measured_emulation_calibration,64,direct_ovs_ofctl,1,1,s51,forward,10269.325,0,
measured_emulation_calibration,64,direct_ovs_ofctl,1,1,s51,reverse,10870.504,0,
measured_emulation_calibration,64,direct_ovs_ofctl,1,1,s52,forward,10056.12,0,
measured_emulation_calibration,64,direct_ovs_ofctl,1,1,s52,reverse,10978.865,0,
measured_emulation_calibration,64,direct_ovs_ofctl,1,1,s53,forward,10637.828,0,
measured_emulation_calibration,64,direct_ovs_ofctl,1,1,s53,reverse,10184.704,0,
measured_emulation_calibration,64,direct_ovs_ofctl,1,1,s54,forward,10573.599,0,
measured_emulation_calibration,64,direct_ovs_ofctl,1,1,s54,reverse,10747.028,0,
measured_emulation_calibration,64,direct_ovs_ofctl,1,1,s55,forward,10463.521,0,
measured_emulation_calibration,64,direct_ovs_ofctl,1,1,s55,reverse,10860.999,0,
measured_emulation_calibration,64,direct_ovs_ofctl,1,1,s56,forward,11774.617,0,
measured_emulation_calibration,64,direct_ovs_ofctl,1,1,s56,reverse,11170.8,0,
measured_emulation_calibration,64,direct_ovs_ofctl,1,1,s57,forward,11007.756,0,
measured_emulation_calibration,64,direct_ovs_ofctl,1,1,s57,reverse,11078.056,0,
measured_emulation_calibration,64,direct_ovs_ofctl,1,1,s58,forward,10095.436,0,
measured_emulation_calibration,64,direct_ovs_ofctl,1,1,s58,reverse,10925.606,0,
measured_emulation_calibration,64,direct_ovs_ofctl,1,1,s59,forward,10853.169,0,
measured_emulation_calibration,64,direct_ovs_ofctl,1,1,s59,reverse,10688.408,0,
measured_emulation_calibration,64,direct_ovs_ofctl,1,1,s60,forward,11361.731,0,
measured_emulation_calibration,64,direct_ovs_ofctl,1,1,s60,reverse,11862.462,0,
measured_emulation_calibration,64,direct_ovs_ofctl,1,1,s61,forward,10472.649,0,
measured_emulation_calibration,64,direct_ovs_ofctl,1,1,s61,reverse,11496.805,0,
measured_emulation_calibration,64,direct_ovs_ofctl,1,1,s62,forward,10302.654,0,
measured_emulation_calibration,64,direct_ovs_ofctl,1,1,s62,reverse,10874.733,0,
measured_emulation_calibration,64,direct_ovs_ofctl,1,1,s63,forward,11738.86,0,
measured_emulation_calibration,64,direct_ovs_ofctl,1,1,s63,reverse,11309.601,0,
measured_emulation_calibration,64,direct_ovs_ofctl,1,1,s64,forward,11007.463,0,
measured_emulation_calibration,64,direct_ovs_ofctl,1,1,s64,reverse,10904.168,0,
measured_emulation_calibration,64,direct_ovs_ofctl,2,1,s1,forward,11289.942,0,
measured_emulation_calibration,64,direct_ovs_ofctl,2,1,s1,reverse,11034.169,0,
measured_emulation_calibration,64,direct_ovs_ofctl,2,1,s2,forward,10274.715,0,
measured_emulation_calibration,64,direct_ovs_ofctl,2,1,s2,reverse,10239.772,0,
measured_emulation_calibration,64,direct_ovs_ofctl,2,1,s3,forward,11065.681,0,
measured_emulation_calibration,64,direct_ovs_ofctl,2,1,s3,reverse,10552.669,0,
measured_emulation_calibration,64,direct_ovs_ofctl,2,1,s4,forward,10415.784,0,
measured_emulation_calibration,64,direct_ovs_ofctl,2,1,s4,reverse,10483.243,0,
measured_emulation_calibration,64,direct_ovs_ofctl,2,1,s5,forward,10649.88,0,
measured_emulation_calibration,64,direct_ovs_ofctl,2,1,s5,reverse,10310.203,0,
measured_emulation_calibration,64,direct_ovs_ofctl,2,1,s6,forward,11060.951,0,
measured_emulation_calibration,64,direct_ovs_ofctl,2,1,s6,reverse,10874.184,0,
measured_emulation_calibration,64,direct_ovs_ofctl,2,1,s7,forward,10107.408,0,
measured_emulation_calibration,64,direct_ovs_ofctl,2,1,s7,reverse,10959.889,0,
measured_emulation_calibration,64,direct_ovs_ofctl,2,1,s8,forward,10588.406,0,
measured_emulation_calibration,64,direct_ovs_ofctl,2,1,s8,reverse,10359.959,0,
measured_emulation_calibration,64,direct_ovs_ofctl,2,1,s9,forward,10251.071,0,
measured_emulation_calibration,64,direct_ovs_ofctl,2,1,s9,reverse,10337.738,0,
measured_emulation_calibration,64,direct_ovs_ofctl,2,1,s10,forward,11000.858,0,
measured_emulation_calibration,64,direct_ovs_ofctl,2,1,s10,reverse,10479.979,0,
measured_emulation_calibration,64,direct_ovs_ofctl,2,1,s11,forward,10299.908,0,
measured_emulation_calibration,64,direct_ovs_ofctl,2,1,s11,reverse,10832.421,0,
measured_emulation_calibration,64,direct_ovs_ofctl,2,1,s12,forward,10185.915,0,
measured_emulation_calibration,64,direct_ovs_ofctl,2,1,s12,reverse,11462.188,0,
measured_emulation_calibration,64,direct_ovs_ofctl,2,1,s13,forward,10611.674,0,
measured_emulation_calibration,64,direct_ovs_ofctl,2,1,s13,reverse,10225.88,0,
measured_emulation_calibration,64,direct_ovs_ofctl,2,1,s14,forward,10939.677,0,
measured_emulation_calibration,64,direct_ovs_ofctl,2,1,s14,reverse,10371.76,0,
measured_emulation_calibration,64,direct_ovs_ofctl,2,1,s15,forward,10173.569,0,
measured_emulation_calibration,64,direct_ovs_ofctl,2,1,s15,reverse,10025.972,0,
measured_emulation_calibration,64,direct_ovs_ofctl,2,1,s16,forward,10671.976,0,
measured_emulation_calibration,64,direct_ovs_ofctl,2,1,s16,reverse,11087.274,0,
measured_emulation_calibration,64,direct_ovs_ofctl,2,1,s17,forward,10524.966,0,
measured_emulation_calibration,64,direct_ovs_ofctl,2,1,s17,reverse,10395.656,0,
measured_emulation_calibration,64,direct_ovs_ofctl,2,1,s18,forward,10434.741,0,
measured_emulation_calibration,64,direct_ovs_ofctl,2,1,s18,reverse,10188.426,0,
measured_emulation_calibration,64,direct_ovs_ofctl,2,1,s19,forward,11040.99,0,
measured_emulation_calibration,64,direct_ovs_ofctl,2,1,s19,reverse,11193.692,0,
measured_emulation_calibration,64,direct_ovs_ofctl,2,1,s20,forward,11512.824,0,
measured_emulation_calibration,64,direct_ovs_ofctl,2,1,s20,reverse,11518.054,0,
measured_emulation_calibration,64,direct_ovs_ofctl,2,1,s21,forward,10657.957,0,
measured_emulation_calibration,64,direct_ovs_ofctl,2,1,s21,reverse,11113.219,0,
measured_emulation_calibration,64,direct_ovs_ofctl,2,1,s22,forward,10481.82,0,
measured_emulation_calibration,64,direct_ovs_ofctl,2,1,s22,reverse,11194.362,0,
measured_emulation_calibration,64,direct_ovs_ofctl,2,1,s23,forward,11231.356,0,
measured_emulation_calibration,64,direct_ovs_ofctl,2,1,s23,reverse,11273.203,0,
measured_emulation_calibration,64,direct_ovs_ofctl,2,1,s24,forward,10489.604,0,
measured_emulation_calibration,64,direct_ovs_ofctl,2,1,s24,reverse,10030.115,0,
measured_emulation_calibration,64,direct_ovs_ofctl,2,1,s25,forward,10554.342,0,
measured_emulation_calibration,64,direct_ovs_ofctl,2,1,s25,reverse,10504.501,0,
measured_emulation_calibration,64,direct_ovs_ofctl,2,1,s26,forward,10397.706,0,
measured_emulation_calibration,64,direct_ovs_ofctl,2,1,s26,reverse,10851.963,0,
measured_emulation_calibration,64,direct_ovs_ofctl,2,1,s27,forward,10689.453,0,
measured_emulation_calibration,64,direct_ovs_ofctl,2,1,s27,reverse,10257.666,0,
measured_emulation_calibration,64,direct_ovs_ofctl,2,1,s28,forward,10972.293,0,
measured_emulation_calibration,64,direct_ovs_ofctl,2,1,s28,reverse,10791.514,0,
measured_emulation_calibration,64,direct_ovs_ofctl,2,1,s29,forward,11856.825,0,
measured_emulation_calibration,64,direct_ovs_ofctl,2,1,s29,reverse,10857.016,0,
measured_emulation_calibration,64,direct_ovs_ofctl,2,1,s30,forward,10910.095,0,
measured_emulation_calibration,64,direct_ovs_ofctl,2,1,s30,reverse,11000.193,0,
measured_emulation_calibration,64,direct_ovs_ofctl,2,1,s31,forward,10577.021,0,
measured_emulation_calibration,64,direct_ovs_ofctl,2,1,s31,reverse,10774.95,0,
measured_emulation_calibration,64,direct_ovs_ofctl,2,1,s32,forward,10953.931,0,
measured_emulation_calibration,64,direct_ovs_ofctl,2,1,s32,reverse,11258.479,0,
measured_emulation_calibration,64,direct_ovs_ofctl,2,1,s33,forward,11562.023,0,
measured_emulation_calibration,64,direct_ovs_ofctl,2,1,s33,reverse,11116.265,0,
measured_emulation_calibration,64,direct_ovs_ofctl,2,1,s34,forward,10855.636,0,
measured_emulation_calibration,64,direct_ovs_ofctl,2,1,s34,reverse,11220.332,0,
measured_emulation_calibration,64,direct_ovs_ofctl,2,1,s35,forward,10830.664,0,
measured_emulation_calibration,64,direct_ovs_ofctl,2,1,s35,reverse,10905.996,0,
measured_emulation_calibration,64,direct_ovs_ofctl,2,1,s36,forward,10681.674,0,
measured_emulation_calibration,64,direct_ovs_ofctl,2,1,s36,reverse,10678.83,0,
measured_emulation_calibration,64,direct_ovs_ofctl,2,1,s37,forward,10263.564,0,
measured_emulation_calibration,64,direct_ovs_ofctl,2,1,s37,reverse,10395.824,0,
measured_emulation_calibration,64,direct_ovs_ofctl,2,1,s38,forward,10415.232,0,
measured_emulation_calibration,64,direct_ovs_ofctl,2,1,s38,reverse,10315.138,0,
measured_emulation_calibration,64,direct_ovs_ofctl,2,1,s39,forward,11518.02,0,
measured_emulation_calibration,64,direct_ovs_ofctl,2,1,s39,reverse,11760.998,0,
measured_emulation_calibration,64,direct_ovs_ofctl,2,1,s40,forward,10435.476,0,
measured_emulation_calibration,64,direct_ovs_ofctl,2,1,s40,reverse,10551.507,0,
measured_emulation_calibration,64,direct_ovs_ofctl,2,1,s41,forward,10753.576,0,
measured_emulation_calibration,64,direct_ovs_ofctl,2,1,s41,reverse,10057.395,0,
measured_emulation_calibration,64,direct_ovs_ofctl,2,1,s42,forward,11564.449,0,
measured_emulation_calibration,64,direct_ovs_ofctl,2,1,s42,reverse,12002.385,0,
measured_emulation_calibration,64,direct_ovs_ofctl,2,1,s43,forward,11164.826,0,
measured_emulation_calibration,64,direct_ovs_ofctl,2,1,s43,reverse,11167.378,0,
measured_emulation_calibration,64,direct_ovs_ofctl,2,1,s44,forward,12071.526,0,
measured_emulation_calibration,64,direct_ovs_ofctl,2,1,s44,reverse,11780.28,0,
measured_emulation_calibration,64,direct_ovs_ofctl,2,1,s45,forward,10654.988,0,
measured_emulation_calibration,64,direct_ovs_ofctl,2,1,s45,reverse,10298.072,0,
measured_emulation_calibration,64,direct_ovs_ofctl,2,1,s46,forward,10600.361,0,
measured_emulation_calibration,64,direct_ovs_ofctl,2,1,s46,reverse,10579.949,0,
measured_emulation_calibration,64,direct_ovs_ofctl,2,1,s47,forward,11313.273,0,
measured_emulation_calibration,64,direct_ovs_ofctl,2,1,s47,reverse,11105.641,0,
measured_emulation_calibration,64,direct_ovs_ofctl,2,1,s48,forward,10470.528,0,
measured_emulation_calibration,64,direct_ovs_ofctl,2,1,s48,reverse,10174.806,0,
measured_emulation_calibration,64,direct_ovs_ofctl,2,1,s49,forward,11064.022,0,
measured_emulation_calibration,64,direct_ovs_ofctl,2,1,s49,reverse,11720.132,0,
measured_emulation_calibration,64,direct_ovs_ofctl,2,1,s50,forward,11049.717,0,
measured_emulation_calibration,64,direct_ovs_ofctl,2,1,s50,reverse,10707.273,0,
measured_emulation_calibration,64,direct_ovs_ofctl,2,1,s51,forward,10840.202,0,
measured_emulation_calibration,64,direct_ovs_ofctl,2,1,s51,reverse,10504.617,0,
measured_emulation_calibration,64,direct_ovs_ofctl,2,1,s52,forward,9980.432,0,
measured_emulation_calibration,64,direct_ovs_ofctl,2,1,s52,reverse,10628.511,0,
measured_emulation_calibration,64,direct_ovs_ofctl,2,1,s53,forward,10426.567,0,
measured_emulation_calibration,64,direct_ovs_ofctl,2,1,s53,reverse,10373.948,0,
measured_emulation_calibration,64,direct_ovs_ofctl,2,1,s54,forward,10569.409,0,
measured_emulation_calibration,64,direct_ovs_ofctl,2,1,s54,reverse,10219.102,0,
measured_emulation_calibration,64,direct_ovs_ofctl,2,1,s55,forward,10753.701,0,
measured_emulation_calibration,64,direct_ovs_ofctl,2,1,s55,reverse,10906.624,0,
measured_emulation_calibration,64,direct_ovs_ofctl,2,1,s56,forward,11675.961,0,
measured_emulation_calibration,64,direct_ovs_ofctl,2,1,s56,reverse,11561.981,0,
measured_emulation_calibration,64,direct_ovs_ofctl,2,1,s57,forward,10768.509,0,
measured_emulation_calibration,64,direct_ovs_ofctl,2,1,s57,reverse,10547.951,0,
measured_emulation_calibration,64,direct_ovs_ofctl,2,1,s58,forward,10739.606,0,
measured_emulation_calibration,64,direct_ovs_ofctl,2,1,s58,reverse,10425.187,0,
measured_emulation_calibration,64,direct_ovs_ofctl,2,1,s59,forward,10722.707,0,
measured_emulation_calibration,64,direct_ovs_ofctl,2,1,s59,reverse,10280.756,0,
measured_emulation_calibration,64,direct_ovs_ofctl,2,1,s60,forward,11098.613,0,
measured_emulation_calibration,64,direct_ovs_ofctl,2,1,s60,reverse,10658.125,0,
measured_emulation_calibration,64,direct_ovs_ofctl,2,1,s61,forward,10890.562,0,
measured_emulation_calibration,64,direct_ovs_ofctl,2,1,s61,reverse,11095.686,0,
measured_emulation_calibration,64,direct_ovs_ofctl,2,1,s62,forward,10749.602,0,
measured_emulation_calibration,64,direct_ovs_ofctl,2,1,s62,reverse,10670.088,0,
measured_emulation_calibration,64,direct_ovs_ofctl,2,1,s63,forward,10386.328,0,
measured_emulation_calibration,64,direct_ovs_ofctl,2,1,s63,reverse,11179.257,0,
measured_emulation_calibration,64,direct_ovs_ofctl,2,1,s64,forward,10464.379,0,
measured_emulation_calibration,64,direct_ovs_ofctl,2,1,s64,reverse,10334.671,0,
measured_emulation_calibration,64,daim_adapter,2,1,s1,forward,14245.406,0,
measured_emulation_calibration,64,daim_adapter,2,1,s1,reverse,13995.256,0,
measured_emulation_calibration,64,daim_adapter,2,1,s2,forward,13855.903,0,
measured_emulation_calibration,64,daim_adapter,2,1,s2,reverse,14438.946,0,
measured_emulation_calibration,64,daim_adapter,2,1,s3,forward,12205.445,0,
measured_emulation_calibration,64,daim_adapter,2,1,s3,reverse,13422.706,0,
measured_emulation_calibration,64,daim_adapter,2,1,s4,forward,13808.824,0,
measured_emulation_calibration,64,daim_adapter,2,1,s4,reverse,13717.176,0,
measured_emulation_calibration,64,daim_adapter,2,1,s5,forward,14199.665,0,
measured_emulation_calibration,64,daim_adapter,2,1,s5,reverse,14190.635,0,
measured_emulation_calibration,64,daim_adapter,2,1,s6,forward,13276.748,0,
measured_emulation_calibration,64,daim_adapter,2,1,s6,reverse,14433.176,0,
measured_emulation_calibration,64,daim_adapter,2,1,s7,forward,13764.004,0,
measured_emulation_calibration,64,daim_adapter,2,1,s7,reverse,14322.797,0,
measured_emulation_calibration,64,daim_adapter,2,1,s8,forward,13630.002,0,
measured_emulation_calibration,64,daim_adapter,2,1,s8,reverse,13668.05,0,
measured_emulation_calibration,64,daim_adapter,2,1,s9,forward,13056.408,0,
measured_emulation_calibration,64,daim_adapter,2,1,s9,reverse,13687.24,0,
measured_emulation_calibration,64,daim_adapter,2,1,s10,forward,14346.001,0,
measured_emulation_calibration,64,daim_adapter,2,1,s10,reverse,14268.862,0,
measured_emulation_calibration,64,daim_adapter,2,1,s11,forward,13590.45,0,
measured_emulation_calibration,64,daim_adapter,2,1,s11,reverse,14455.042,0,
measured_emulation_calibration,64,daim_adapter,2,1,s12,forward,13095.25,0,
measured_emulation_calibration,64,daim_adapter,2,1,s12,reverse,13654.21,0,
measured_emulation_calibration,64,daim_adapter,2,1,s13,forward,13617.961,0,
measured_emulation_calibration,64,daim_adapter,2,1,s13,reverse,13204.542,0,
measured_emulation_calibration,64,daim_adapter,2,1,s14,forward,14156.308,0,
measured_emulation_calibration,64,daim_adapter,2,1,s14,reverse,12919.228,0,
measured_emulation_calibration,64,daim_adapter,2,1,s15,forward,13236.276,0,
measured_emulation_calibration,64,daim_adapter,2,1,s15,reverse,14454.458,0,
measured_emulation_calibration,64,daim_adapter,2,1,s16,forward,13144.46,0,
measured_emulation_calibration,64,daim_adapter,2,1,s16,reverse,13610.351,0,
measured_emulation_calibration,64,daim_adapter,2,1,s17,forward,13188.444,0,
measured_emulation_calibration,64,daim_adapter,2,1,s17,reverse,13181.671,0,
measured_emulation_calibration,64,daim_adapter,2,1,s18,forward,13792.339,0,
measured_emulation_calibration,64,daim_adapter,2,1,s18,reverse,13663.494,0,
measured_emulation_calibration,64,daim_adapter,2,1,s19,forward,13818.094,0,
measured_emulation_calibration,64,daim_adapter,2,1,s19,reverse,13685.019,0,
measured_emulation_calibration,64,daim_adapter,2,1,s20,forward,14331.335,0,
measured_emulation_calibration,64,daim_adapter,2,1,s20,reverse,13750.052,0,
measured_emulation_calibration,64,daim_adapter,2,1,s21,forward,13793.56,0,
measured_emulation_calibration,64,daim_adapter,2,1,s21,reverse,14463.073,0,
measured_emulation_calibration,64,daim_adapter,2,1,s22,forward,13659.065,0,
measured_emulation_calibration,64,daim_adapter,2,1,s22,reverse,13960.572,0,
measured_emulation_calibration,64,daim_adapter,2,1,s23,forward,13334.444,0,
measured_emulation_calibration,64,daim_adapter,2,1,s23,reverse,13249.057,0,
measured_emulation_calibration,64,daim_adapter,2,1,s24,forward,13324.58,0,
measured_emulation_calibration,64,daim_adapter,2,1,s24,reverse,13933.281,0,
measured_emulation_calibration,64,daim_adapter,2,1,s25,forward,13573.426,0,
measured_emulation_calibration,64,daim_adapter,2,1,s25,reverse,12846.991,0,
measured_emulation_calibration,64,daim_adapter,2,1,s26,forward,13223.813,0,
measured_emulation_calibration,64,daim_adapter,2,1,s26,reverse,12908.011,0,
measured_emulation_calibration,64,daim_adapter,2,1,s27,forward,13607.155,0,
measured_emulation_calibration,64,daim_adapter,2,1,s27,reverse,13940.093,0,
measured_emulation_calibration,64,daim_adapter,2,1,s28,forward,12763.776,0,
measured_emulation_calibration,64,daim_adapter,2,1,s28,reverse,14023.724,0,
measured_emulation_calibration,64,daim_adapter,2,1,s29,forward,14046.754,0,
measured_emulation_calibration,64,daim_adapter,2,1,s29,reverse,13865.991,0,
measured_emulation_calibration,64,daim_adapter,2,1,s30,forward,13888.852,0,
measured_emulation_calibration,64,daim_adapter,2,1,s30,reverse,13834.143,0,
measured_emulation_calibration,64,daim_adapter,2,1,s31,forward,13631.188,0,
measured_emulation_calibration,64,daim_adapter,2,1,s31,reverse,14535.001,0,
measured_emulation_calibration,64,daim_adapter,2,1,s32,forward,14204.697,0,
measured_emulation_calibration,64,daim_adapter,2,1,s32,reverse,14297.147,0,
measured_emulation_calibration,64,daim_adapter,2,1,s33,forward,13571.421,0,
measured_emulation_calibration,64,daim_adapter,2,1,s33,reverse,16287.293,0,
measured_emulation_calibration,64,daim_adapter,2,1,s34,forward,13308.029,0,
measured_emulation_calibration,64,daim_adapter,2,1,s34,reverse,13499.032,0,
measured_emulation_calibration,64,daim_adapter,2,1,s35,forward,14136.697,0,
measured_emulation_calibration,64,daim_adapter,2,1,s35,reverse,13575.391,0,
measured_emulation_calibration,64,daim_adapter,2,1,s36,forward,14171.219,0,
measured_emulation_calibration,64,daim_adapter,2,1,s36,reverse,13931.818,0,
measured_emulation_calibration,64,daim_adapter,2,1,s37,forward,13252.4,0,
measured_emulation_calibration,64,daim_adapter,2,1,s37,reverse,13722.342,0,
measured_emulation_calibration,64,daim_adapter,2,1,s38,forward,13976.998,0,
measured_emulation_calibration,64,daim_adapter,2,1,s38,reverse,13718.873,0,
measured_emulation_calibration,64,daim_adapter,2,1,s39,forward,14781.299,0,
measured_emulation_calibration,64,daim_adapter,2,1,s39,reverse,14612.823,0,
measured_emulation_calibration,64,daim_adapter,2,1,s40,forward,13391.535,0,
measured_emulation_calibration,64,daim_adapter,2,1,s40,reverse,13791.345,0,
measured_emulation_calibration,64,daim_adapter,2,1,s41,forward,14522.713,0,
measured_emulation_calibration,64,daim_adapter,2,1,s41,reverse,13569.707,0,
measured_emulation_calibration,64,daim_adapter,2,1,s42,forward,14892.807,0,
measured_emulation_calibration,64,daim_adapter,2,1,s42,reverse,14469.676,0,
measured_emulation_calibration,64,daim_adapter,2,1,s43,forward,14188.898,0,
measured_emulation_calibration,64,daim_adapter,2,1,s43,reverse,13797.531,0,
measured_emulation_calibration,64,daim_adapter,2,1,s44,forward,14932.972,0,
measured_emulation_calibration,64,daim_adapter,2,1,s44,reverse,14215.061,0,
measured_emulation_calibration,64,daim_adapter,2,1,s45,forward,13554.118,0,
measured_emulation_calibration,64,daim_adapter,2,1,s45,reverse,13239.36,0,
measured_emulation_calibration,64,daim_adapter,2,1,s46,forward,13732.498,0,
measured_emulation_calibration,64,daim_adapter,2,1,s46,reverse,12699.287,0,
measured_emulation_calibration,64,daim_adapter,2,1,s47,forward,14124.241,0,
measured_emulation_calibration,64,daim_adapter,2,1,s47,reverse,13990.289,0,
measured_emulation_calibration,64,daim_adapter,2,1,s48,forward,14119.978,0,
measured_emulation_calibration,64,daim_adapter,2,1,s48,reverse,14333.132,0,
measured_emulation_calibration,64,daim_adapter,2,1,s49,forward,14623.648,0,
measured_emulation_calibration,64,daim_adapter,2,1,s49,reverse,13851.99,0,
measured_emulation_calibration,64,daim_adapter,2,1,s50,forward,15078.543,0,
measured_emulation_calibration,64,daim_adapter,2,1,s50,reverse,15443.872,0,
measured_emulation_calibration,64,daim_adapter,2,1,s51,forward,14203.819,0,
measured_emulation_calibration,64,daim_adapter,2,1,s51,reverse,14176.067,0,
measured_emulation_calibration,64,daim_adapter,2,1,s52,forward,13612.045,0,
measured_emulation_calibration,64,daim_adapter,2,1,s52,reverse,13886.429,0,
measured_emulation_calibration,64,daim_adapter,2,1,s53,forward,13379.206,0,
measured_emulation_calibration,64,daim_adapter,2,1,s53,reverse,13955.724,0,
measured_emulation_calibration,64,daim_adapter,2,1,s54,forward,13973.015,0,
measured_emulation_calibration,64,daim_adapter,2,1,s54,reverse,14351.133,0,
measured_emulation_calibration,64,daim_adapter,2,1,s55,forward,14977.145,0,
measured_emulation_calibration,64,daim_adapter,2,1,s55,reverse,19285.313,0,
measured_emulation_calibration,64,daim_adapter,2,1,s56,forward,14926.965,0,
measured_emulation_calibration,64,daim_adapter,2,1,s56,reverse,14698.755,0,
measured_emulation_calibration,64,daim_adapter,2,1,s57,forward,13895.088,0,
measured_emulation_calibration,64,daim_adapter,2,1,s57,reverse,14417.691,0,
measured_emulation_calibration,64,daim_adapter,2,1,s58,forward,14199.007,0,
measured_emulation_calibration,64,daim_adapter,2,1,s58,reverse,14172.183,0,
measured_emulation_calibration,64,daim_adapter,2,1,s59,forward,14793.473,0,
measured_emulation_calibration,64,daim_adapter,2,1,s59,reverse,13801.164,0,
measured_emulation_calibration,64,daim_adapter,2,1,s60,forward,15859.36,0,
measured_emulation_calibration,64,daim_adapter,2,1,s60,reverse,15948.605,0,
measured_emulation_calibration,64,daim_adapter,2,1,s61,forward,13467.581,0,
measured_emulation_calibration,64,daim_adapter,2,1,s61,reverse,14322.597,0,
measured_emulation_calibration,64,daim_adapter,2,1,s62,forward,13776.137,0,
measured_emulation_calibration,64,daim_adapter,2,1,s62,reverse,13890.368,0,
measured_emulation_calibration,64,daim_adapter,2,1,s63,forward,14288.043,0,
measured_emulation_calibration,64,daim_adapter,2,1,s63,reverse,15083.562,0,
measured_emulation_calibration,64,daim_adapter,2,1,s64,forward,14007.481,0,
measured_emulation_calibration,64,daim_adapter,2,1,s64,reverse,13612.771,0,
measured_emulation_calibration,64,daim_adapter,3,1,s1,forward,15174.683,0,
measured_emulation_calibration,64,daim_adapter,3,1,s1,reverse,13955.174,0,
measured_emulation_calibration,64,daim_adapter,3,1,s2,forward,13838.512,0,
measured_emulation_calibration,64,daim_adapter,3,1,s2,reverse,13786.425,0,
measured_emulation_calibration,64,daim_adapter,3,1,s3,forward,13676.027,0,
measured_emulation_calibration,64,daim_adapter,3,1,s3,reverse,13754.053,0,
measured_emulation_calibration,64,daim_adapter,3,1,s4,forward,13352.897,0,
measured_emulation_calibration,64,daim_adapter,3,1,s4,reverse,13095.596,0,
measured_emulation_calibration,64,daim_adapter,3,1,s5,forward,13211.381,0,
measured_emulation_calibration,64,daim_adapter,3,1,s5,reverse,13794.361,0,
measured_emulation_calibration,64,daim_adapter,3,1,s6,forward,15082.622,0,
measured_emulation_calibration,64,daim_adapter,3,1,s6,reverse,14401.985,0,
measured_emulation_calibration,64,daim_adapter,3,1,s7,forward,13397.758,0,
measured_emulation_calibration,64,daim_adapter,3,1,s7,reverse,12991.213,0,
measured_emulation_calibration,64,daim_adapter,3,1,s8,forward,14297.603,0,
measured_emulation_calibration,64,daim_adapter,3,1,s8,reverse,14361.343,0,
measured_emulation_calibration,64,daim_adapter,3,1,s9,forward,13314.636,0,
measured_emulation_calibration,64,daim_adapter,3,1,s9,reverse,13403.773,0,
measured_emulation_calibration,64,daim_adapter,3,1,s10,forward,13922.844,0,
measured_emulation_calibration,64,daim_adapter,3,1,s10,reverse,13423.529,0,
measured_emulation_calibration,64,daim_adapter,3,1,s11,forward,14810.702,0,
measured_emulation_calibration,64,daim_adapter,3,1,s11,reverse,14295.264,0,
measured_emulation_calibration,64,daim_adapter,3,1,s12,forward,13487.646,0,
measured_emulation_calibration,64,daim_adapter,3,1,s12,reverse,13749.542,0,
measured_emulation_calibration,64,daim_adapter,3,1,s13,forward,13482.801,0,
measured_emulation_calibration,64,daim_adapter,3,1,s13,reverse,14161.14,0,
measured_emulation_calibration,64,daim_adapter,3,1,s14,forward,14253.535,0,
measured_emulation_calibration,64,daim_adapter,3,1,s14,reverse,14047.694,0,
measured_emulation_calibration,64,daim_adapter,3,1,s15,forward,14033.91,0,
measured_emulation_calibration,64,daim_adapter,3,1,s15,reverse,13595.453,0,
measured_emulation_calibration,64,daim_adapter,3,1,s16,forward,12908.133,0,
measured_emulation_calibration,64,daim_adapter,3,1,s16,reverse,13440.655,0,
measured_emulation_calibration,64,daim_adapter,3,1,s17,forward,14275.214,0,
measured_emulation_calibration,64,daim_adapter,3,1,s17,reverse,14015.197,0,
measured_emulation_calibration,64,daim_adapter,3,1,s18,forward,14268.74,0,
measured_emulation_calibration,64,daim_adapter,3,1,s18,reverse,13165.936,0,
measured_emulation_calibration,64,daim_adapter,3,1,s19,forward,13030.31,0,
measured_emulation_calibration,64,daim_adapter,3,1,s19,reverse,14208.257,0,
measured_emulation_calibration,64,daim_adapter,3,1,s20,forward,14993.778,0,
measured_emulation_calibration,64,daim_adapter,3,1,s20,reverse,13982.659,0,
measured_emulation_calibration,64,daim_adapter,3,1,s21,forward,14011.939,0,
measured_emulation_calibration,64,daim_adapter,3,1,s21,reverse,13785.589,0,
measured_emulation_calibration,64,daim_adapter,3,1,s22,forward,12941.674,0,
measured_emulation_calibration,64,daim_adapter,3,1,s22,reverse,14292.423,0,
measured_emulation_calibration,64,daim_adapter,3,1,s23,forward,13093.507,0,
measured_emulation_calibration,64,daim_adapter,3,1,s23,reverse,14306.624,0,
measured_emulation_calibration,64,daim_adapter,3,1,s24,forward,13342.831,0,
measured_emulation_calibration,64,daim_adapter,3,1,s24,reverse,13204.405,0,
measured_emulation_calibration,64,daim_adapter,3,1,s25,forward,14093.85,0,
measured_emulation_calibration,64,daim_adapter,3,1,s25,reverse,13943.563,0,
measured_emulation_calibration,64,daim_adapter,3,1,s26,forward,13672.226,0,
measured_emulation_calibration,64,daim_adapter,3,1,s26,reverse,14191.299,0,
measured_emulation_calibration,64,daim_adapter,3,1,s27,forward,14245.808,0,
measured_emulation_calibration,64,daim_adapter,3,1,s27,reverse,13400.514,0,
measured_emulation_calibration,64,daim_adapter,3,1,s28,forward,13865.578,0,
measured_emulation_calibration,64,daim_adapter,3,1,s28,reverse,13808.563,0,
measured_emulation_calibration,64,daim_adapter,3,1,s29,forward,14262.056,0,
measured_emulation_calibration,64,daim_adapter,3,1,s29,reverse,14667.097,0,
measured_emulation_calibration,64,daim_adapter,3,1,s30,forward,14940.939,0,
measured_emulation_calibration,64,daim_adapter,3,1,s30,reverse,14008.681,0,
measured_emulation_calibration,64,daim_adapter,3,1,s31,forward,13896.53,0,
measured_emulation_calibration,64,daim_adapter,3,1,s31,reverse,15338.628,0,
measured_emulation_calibration,64,daim_adapter,3,1,s32,forward,15111.151,0,
measured_emulation_calibration,64,daim_adapter,3,1,s32,reverse,14976.235,0,
measured_emulation_calibration,64,daim_adapter,3,1,s33,forward,15214.866,0,
measured_emulation_calibration,64,daim_adapter,3,1,s33,reverse,15350.533,0,
measured_emulation_calibration,64,daim_adapter,3,1,s34,forward,14827.786,0,
measured_emulation_calibration,64,daim_adapter,3,1,s34,reverse,14580.091,0,
measured_emulation_calibration,64,daim_adapter,3,1,s35,forward,13312.966,0,
measured_emulation_calibration,64,daim_adapter,3,1,s35,reverse,13424.114,0,
measured_emulation_calibration,64,daim_adapter,3,1,s36,forward,13712.988,0,
measured_emulation_calibration,64,daim_adapter,3,1,s36,reverse,14084.912,0,
measured_emulation_calibration,64,daim_adapter,3,1,s37,forward,13851.602,0,
measured_emulation_calibration,64,daim_adapter,3,1,s37,reverse,13279.122,0,
measured_emulation_calibration,64,daim_adapter,3,1,s38,forward,13364.019,0,
measured_emulation_calibration,64,daim_adapter,3,1,s38,reverse,13681.934,0,
measured_emulation_calibration,64,daim_adapter,3,1,s39,forward,14338.392,0,
measured_emulation_calibration,64,daim_adapter,3,1,s39,reverse,15275.306,0,
measured_emulation_calibration,64,daim_adapter,3,1,s40,forward,13950.781,0,
measured_emulation_calibration,64,daim_adapter,3,1,s40,reverse,13565.633,0,
measured_emulation_calibration,64,daim_adapter,3,1,s41,forward,13415.007,0,
measured_emulation_calibration,64,daim_adapter,3,1,s41,reverse,14274.834,0,
measured_emulation_calibration,64,daim_adapter,3,1,s42,forward,14551.491,0,
measured_emulation_calibration,64,daim_adapter,3,1,s42,reverse,15172.202,0,
measured_emulation_calibration,64,daim_adapter,3,1,s43,forward,14644.363,0,
measured_emulation_calibration,64,daim_adapter,3,1,s43,reverse,14437.78,0,
measured_emulation_calibration,64,daim_adapter,3,1,s44,forward,14670.63,0,
measured_emulation_calibration,64,daim_adapter,3,1,s44,reverse,13465.077,0,
measured_emulation_calibration,64,daim_adapter,3,1,s45,forward,13832.267,0,
measured_emulation_calibration,64,daim_adapter,3,1,s45,reverse,13643.975,0,
measured_emulation_calibration,64,daim_adapter,3,1,s46,forward,13723.443,0,
measured_emulation_calibration,64,daim_adapter,3,1,s46,reverse,13508.549,0,
measured_emulation_calibration,64,daim_adapter,3,1,s47,forward,14823.929,0,
measured_emulation_calibration,64,daim_adapter,3,1,s47,reverse,14221.34,0,
measured_emulation_calibration,64,daim_adapter,3,1,s48,forward,13456.725,0,
measured_emulation_calibration,64,daim_adapter,3,1,s48,reverse,13958.464,0,
measured_emulation_calibration,64,daim_adapter,3,1,s49,forward,15037.987,0,
measured_emulation_calibration,64,daim_adapter,3,1,s49,reverse,14939.31,0,
measured_emulation_calibration,64,daim_adapter,3,1,s50,forward,15121.256,0,
measured_emulation_calibration,64,daim_adapter,3,1,s50,reverse,14261.054,0,
measured_emulation_calibration,64,daim_adapter,3,1,s51,forward,13529.387,0,
measured_emulation_calibration,64,daim_adapter,3,1,s51,reverse,13848.763,0,
measured_emulation_calibration,64,daim_adapter,3,1,s52,forward,13558.326,0,
measured_emulation_calibration,64,daim_adapter,3,1,s52,reverse,13399.347,0,
measured_emulation_calibration,64,daim_adapter,3,1,s53,forward,13812.223,0,
measured_emulation_calibration,64,daim_adapter,3,1,s53,reverse,13427.452,0,
measured_emulation_calibration,64,daim_adapter,3,1,s54,forward,13338.045,0,
measured_emulation_calibration,64,daim_adapter,3,1,s54,reverse,13784.119,0,
measured_emulation_calibration,64,daim_adapter,3,1,s55,forward,13320.715,0,
measured_emulation_calibration,64,daim_adapter,3,1,s55,reverse,14588.99,0,
measured_emulation_calibration,64,daim_adapter,3,1,s56,forward,14503.509,0,
measured_emulation_calibration,64,daim_adapter,3,1,s56,reverse,14423.832,0,
measured_emulation_calibration,64,daim_adapter,3,1,s57,forward,13540.328,0,
measured_emulation_calibration,64,daim_adapter,3,1,s57,reverse,14634.843,0,
measured_emulation_calibration,64,daim_adapter,3,1,s58,forward,13663.56,0,
measured_emulation_calibration,64,daim_adapter,3,1,s58,reverse,14088.504,0,
measured_emulation_calibration,64,daim_adapter,3,1,s59,forward,13527.507,0,
measured_emulation_calibration,64,daim_adapter,3,1,s59,reverse,13247.134,0,
measured_emulation_calibration,64,daim_adapter,3,1,s60,forward,14429.051,0,
measured_emulation_calibration,64,daim_adapter,3,1,s60,reverse,14590.577,0,
measured_emulation_calibration,64,daim_adapter,3,1,s61,forward,15231.834,0,
measured_emulation_calibration,64,daim_adapter,3,1,s61,reverse,14865.062,0,
measured_emulation_calibration,64,daim_adapter,3,1,s62,forward,13532.477,0,
measured_emulation_calibration,64,daim_adapter,3,1,s62,reverse,13556.113,0,
measured_emulation_calibration,64,daim_adapter,3,1,s63,forward,14407.169,0,
measured_emulation_calibration,64,daim_adapter,3,1,s63,reverse,13902.466,0,
measured_emulation_calibration,64,daim_adapter,3,1,s64,forward,14543.681,0,
measured_emulation_calibration,64,daim_adapter,3,1,s64,reverse,14022.565,0,
measured_emulation_calibration,64,direct_ovs_ofctl,3,1,s1,forward,11515.397,0,
measured_emulation_calibration,64,direct_ovs_ofctl,3,1,s1,reverse,10792.947,0,
measured_emulation_calibration,64,direct_ovs_ofctl,3,1,s2,forward,10396.068,0,
measured_emulation_calibration,64,direct_ovs_ofctl,3,1,s2,reverse,10114.001,0,
measured_emulation_calibration,64,direct_ovs_ofctl,3,1,s3,forward,10111.872,0,
measured_emulation_calibration,64,direct_ovs_ofctl,3,1,s3,reverse,10074.339,0,
measured_emulation_calibration,64,direct_ovs_ofctl,3,1,s4,forward,10752.867,0,
measured_emulation_calibration,64,direct_ovs_ofctl,3,1,s4,reverse,10292.443,0,
measured_emulation_calibration,64,direct_ovs_ofctl,3,1,s5,forward,10438.069,0,
measured_emulation_calibration,64,direct_ovs_ofctl,3,1,s5,reverse,10728.443,0,
measured_emulation_calibration,64,direct_ovs_ofctl,3,1,s6,forward,10830.356,0,
measured_emulation_calibration,64,direct_ovs_ofctl,3,1,s6,reverse,10997.148,0,
measured_emulation_calibration,64,direct_ovs_ofctl,3,1,s7,forward,10875.488,0,
measured_emulation_calibration,64,direct_ovs_ofctl,3,1,s7,reverse,10260.129,0,
measured_emulation_calibration,64,direct_ovs_ofctl,3,1,s8,forward,10224.557,0,
measured_emulation_calibration,64,direct_ovs_ofctl,3,1,s8,reverse,10961.035,0,
measured_emulation_calibration,64,direct_ovs_ofctl,3,1,s9,forward,10425.376,0,
measured_emulation_calibration,64,direct_ovs_ofctl,3,1,s9,reverse,10742.679,0,
measured_emulation_calibration,64,direct_ovs_ofctl,3,1,s10,forward,10829.437,0,
measured_emulation_calibration,64,direct_ovs_ofctl,3,1,s10,reverse,10571.962,0,
measured_emulation_calibration,64,direct_ovs_ofctl,3,1,s11,forward,11526.21,0,
measured_emulation_calibration,64,direct_ovs_ofctl,3,1,s11,reverse,11325.474,0,
measured_emulation_calibration,64,direct_ovs_ofctl,3,1,s12,forward,10420.909,0,
measured_emulation_calibration,64,direct_ovs_ofctl,3,1,s12,reverse,10793.991,0,
measured_emulation_calibration,64,direct_ovs_ofctl,3,1,s13,forward,10652.332,0,
measured_emulation_calibration,64,direct_ovs_ofctl,3,1,s13,reverse,10674.919,0,
measured_emulation_calibration,64,direct_ovs_ofctl,3,1,s14,forward,10878.953,0,
measured_emulation_calibration,64,direct_ovs_ofctl,3,1,s14,reverse,10256.788,0,
measured_emulation_calibration,64,direct_ovs_ofctl,3,1,s15,forward,10775.746,0,
measured_emulation_calibration,64,direct_ovs_ofctl,3,1,s15,reverse,11431.395,0,
measured_emulation_calibration,64,direct_ovs_ofctl,3,1,s16,forward,10322.921,0,
measured_emulation_calibration,64,direct_ovs_ofctl,3,1,s16,reverse,10812.486,0,
measured_emulation_calibration,64,direct_ovs_ofctl,3,1,s17,forward,10412.517,0,
measured_emulation_calibration,64,direct_ovs_ofctl,3,1,s17,reverse,9886.295,0,
measured_emulation_calibration,64,direct_ovs_ofctl,3,1,s18,forward,10648.407,0,
measured_emulation_calibration,64,direct_ovs_ofctl,3,1,s18,reverse,10659.596,0,
measured_emulation_calibration,64,direct_ovs_ofctl,3,1,s19,forward,11310.695,0,
measured_emulation_calibration,64,direct_ovs_ofctl,3,1,s19,reverse,12527.553,0,
measured_emulation_calibration,64,direct_ovs_ofctl,3,1,s20,forward,11667.16,0,
measured_emulation_calibration,64,direct_ovs_ofctl,3,1,s20,reverse,11376.327,0,
measured_emulation_calibration,64,direct_ovs_ofctl,3,1,s21,forward,10731.95,0,
measured_emulation_calibration,64,direct_ovs_ofctl,3,1,s21,reverse,10618.221,0,
measured_emulation_calibration,64,direct_ovs_ofctl,3,1,s22,forward,10917.489,0,
measured_emulation_calibration,64,direct_ovs_ofctl,3,1,s22,reverse,11263.767,0,
measured_emulation_calibration,64,direct_ovs_ofctl,3,1,s23,forward,10671.023,0,
measured_emulation_calibration,64,direct_ovs_ofctl,3,1,s23,reverse,10321.184,0,
measured_emulation_calibration,64,direct_ovs_ofctl,3,1,s24,forward,10817.295,0,
measured_emulation_calibration,64,direct_ovs_ofctl,3,1,s24,reverse,10566.964,0,
measured_emulation_calibration,64,direct_ovs_ofctl,3,1,s25,forward,10446.078,0,
measured_emulation_calibration,64,direct_ovs_ofctl,3,1,s25,reverse,10485.441,0,
measured_emulation_calibration,64,direct_ovs_ofctl,3,1,s26,forward,10228.349,0,
measured_emulation_calibration,64,direct_ovs_ofctl,3,1,s26,reverse,10528.812,0,
measured_emulation_calibration,64,direct_ovs_ofctl,3,1,s27,forward,10873.188,0,
measured_emulation_calibration,64,direct_ovs_ofctl,3,1,s27,reverse,10830.402,0,
measured_emulation_calibration,64,direct_ovs_ofctl,3,1,s28,forward,11085.198,0,
measured_emulation_calibration,64,direct_ovs_ofctl,3,1,s28,reverse,10511.405,0,
measured_emulation_calibration,64,direct_ovs_ofctl,3,1,s29,forward,11516.191,0,
measured_emulation_calibration,64,direct_ovs_ofctl,3,1,s29,reverse,11265.61,0,
measured_emulation_calibration,64,direct_ovs_ofctl,3,1,s30,forward,11071.34,0,
measured_emulation_calibration,64,direct_ovs_ofctl,3,1,s30,reverse,10726.171,0,
measured_emulation_calibration,64,direct_ovs_ofctl,3,1,s31,forward,10900.947,0,
measured_emulation_calibration,64,direct_ovs_ofctl,3,1,s31,reverse,10938.724,0,
measured_emulation_calibration,64,direct_ovs_ofctl,3,1,s32,forward,11183.712,0,
measured_emulation_calibration,64,direct_ovs_ofctl,3,1,s32,reverse,11827.716,0,
measured_emulation_calibration,64,direct_ovs_ofctl,3,1,s33,forward,11123.644,0,
measured_emulation_calibration,64,direct_ovs_ofctl,3,1,s33,reverse,11405.907,0,
measured_emulation_calibration,64,direct_ovs_ofctl,3,1,s34,forward,11542.989,0,
measured_emulation_calibration,64,direct_ovs_ofctl,3,1,s34,reverse,10997.289,0,
measured_emulation_calibration,64,direct_ovs_ofctl,3,1,s35,forward,9852.29,0,
measured_emulation_calibration,64,direct_ovs_ofctl,3,1,s35,reverse,10568.926,0,
measured_emulation_calibration,64,direct_ovs_ofctl,3,1,s36,forward,10375.241,0,
measured_emulation_calibration,64,direct_ovs_ofctl,3,1,s36,reverse,10240.747,0,
measured_emulation_calibration,64,direct_ovs_ofctl,3,1,s37,forward,11195.065,0,
measured_emulation_calibration,64,direct_ovs_ofctl,3,1,s37,reverse,10270.634,0,
measured_emulation_calibration,64,direct_ovs_ofctl,3,1,s38,forward,10744.747,0,
measured_emulation_calibration,64,direct_ovs_ofctl,3,1,s38,reverse,10576.023,0,
measured_emulation_calibration,64,direct_ovs_ofctl,3,1,s39,forward,11047.296,0,
measured_emulation_calibration,64,direct_ovs_ofctl,3,1,s39,reverse,11713.884,0,
measured_emulation_calibration,64,direct_ovs_ofctl,3,1,s40,forward,10579.237,0,
measured_emulation_calibration,64,direct_ovs_ofctl,3,1,s40,reverse,10187.525,0,
measured_emulation_calibration,64,direct_ovs_ofctl,3,1,s41,forward,10440.317,0,
measured_emulation_calibration,64,direct_ovs_ofctl,3,1,s41,reverse,10652.036,0,
measured_emulation_calibration,64,direct_ovs_ofctl,3,1,s42,forward,11720.687,0,
measured_emulation_calibration,64,direct_ovs_ofctl,3,1,s42,reverse,11369.549,0,
measured_emulation_calibration,64,direct_ovs_ofctl,3,1,s43,forward,11335.362,0,
measured_emulation_calibration,64,direct_ovs_ofctl,3,1,s43,reverse,11009.936,0,
measured_emulation_calibration,64,direct_ovs_ofctl,3,1,s44,forward,11624.513,0,
measured_emulation_calibration,64,direct_ovs_ofctl,3,1,s44,reverse,12445.756,0,
measured_emulation_calibration,64,direct_ovs_ofctl,3,1,s45,forward,10493.707,0,
measured_emulation_calibration,64,direct_ovs_ofctl,3,1,s45,reverse,11465.724,0,
measured_emulation_calibration,64,direct_ovs_ofctl,3,1,s46,forward,11205.166,0,
measured_emulation_calibration,64,direct_ovs_ofctl,3,1,s46,reverse,10242.876,0,
measured_emulation_calibration,64,direct_ovs_ofctl,3,1,s47,forward,11501.915,0,
measured_emulation_calibration,64,direct_ovs_ofctl,3,1,s47,reverse,11331.438,0,
measured_emulation_calibration,64,direct_ovs_ofctl,3,1,s48,forward,10609.792,0,
measured_emulation_calibration,64,direct_ovs_ofctl,3,1,s48,reverse,10449.542,0,
measured_emulation_calibration,64,direct_ovs_ofctl,3,1,s49,forward,11369.883,0,
measured_emulation_calibration,64,direct_ovs_ofctl,3,1,s49,reverse,10690.648,0,
measured_emulation_calibration,64,direct_ovs_ofctl,3,1,s50,forward,10770.418,0,
measured_emulation_calibration,64,direct_ovs_ofctl,3,1,s50,reverse,11062.992,0,
measured_emulation_calibration,64,direct_ovs_ofctl,3,1,s51,forward,9969.671,0,
measured_emulation_calibration,64,direct_ovs_ofctl,3,1,s51,reverse,10533.32,0,
measured_emulation_calibration,64,direct_ovs_ofctl,3,1,s52,forward,9894.199,0,
measured_emulation_calibration,64,direct_ovs_ofctl,3,1,s52,reverse,10719.534,0,
measured_emulation_calibration,64,direct_ovs_ofctl,3,1,s53,forward,10320.642,0,
measured_emulation_calibration,64,direct_ovs_ofctl,3,1,s53,reverse,10711.686,0,
measured_emulation_calibration,64,direct_ovs_ofctl,3,1,s54,forward,10166.903,0,
measured_emulation_calibration,64,direct_ovs_ofctl,3,1,s54,reverse,10361.132,0,
measured_emulation_calibration,64,direct_ovs_ofctl,3,1,s55,forward,11190.933,0,
measured_emulation_calibration,64,direct_ovs_ofctl,3,1,s55,reverse,11268.908,0,
measured_emulation_calibration,64,direct_ovs_ofctl,3,1,s56,forward,11899.429,0,
measured_emulation_calibration,64,direct_ovs_ofctl,3,1,s56,reverse,10688.853,0,
measured_emulation_calibration,64,direct_ovs_ofctl,3,1,s57,forward,10587.002,0,
measured_emulation_calibration,64,direct_ovs_ofctl,3,1,s57,reverse,10601.444,0,
measured_emulation_calibration,64,direct_ovs_ofctl,3,1,s58,forward,10486.944,0,
measured_emulation_calibration,64,direct_ovs_ofctl,3,1,s58,reverse,10924.114,0,
measured_emulation_calibration,64,direct_ovs_ofctl,3,1,s59,forward,10193.703,0,
measured_emulation_calibration,64,direct_ovs_ofctl,3,1,s59,reverse,11329.726,0,
measured_emulation_calibration,64,direct_ovs_ofctl,3,1,s60,forward,11451.198,0,
measured_emulation_calibration,64,direct_ovs_ofctl,3,1,s60,reverse,10884.417,0,
measured_emulation_calibration,64,direct_ovs_ofctl,3,1,s61,forward,11833.684,0,
measured_emulation_calibration,64,direct_ovs_ofctl,3,1,s61,reverse,12205.486,0,
measured_emulation_calibration,64,direct_ovs_ofctl,3,1,s62,forward,10011.788,0,
measured_emulation_calibration,64,direct_ovs_ofctl,3,1,s62,reverse,10946.238,0,
measured_emulation_calibration,64,direct_ovs_ofctl,3,1,s63,forward,11984.0,0,
measured_emulation_calibration,64,direct_ovs_ofctl,3,1,s63,reverse,11082.987,0,
measured_emulation_calibration,64,direct_ovs_ofctl,3,1,s64,forward,11087.411,0,
measured_emulation_calibration,64,direct_ovs_ofctl,3,1,s64,reverse,10514.035,0,
measured_emulation_calibration,64,direct_ovs_ofctl,4,1,s1,forward,10996.602,0,
measured_emulation_calibration,64,direct_ovs_ofctl,4,1,s1,reverse,10708.877,0,
measured_emulation_calibration,64,direct_ovs_ofctl,4,1,s2,forward,11164.589,0,
measured_emulation_calibration,64,direct_ovs_ofctl,4,1,s2,reverse,10552.242,0,
measured_emulation_calibration,64,direct_ovs_ofctl,4,1,s3,forward,10190.101,0,
measured_emulation_calibration,64,direct_ovs_ofctl,4,1,s3,reverse,10539.137,0,
measured_emulation_calibration,64,direct_ovs_ofctl,4,1,s4,forward,11344.636,0,
measured_emulation_calibration,64,direct_ovs_ofctl,4,1,s4,reverse,10150.704,0,
measured_emulation_calibration,64,direct_ovs_ofctl,4,1,s5,forward,11316.799,0,
measured_emulation_calibration,64,direct_ovs_ofctl,4,1,s5,reverse,10852.322,0,
measured_emulation_calibration,64,direct_ovs_ofctl,4,1,s6,forward,11029.824,0,
measured_emulation_calibration,64,direct_ovs_ofctl,4,1,s6,reverse,11255.363,0,
measured_emulation_calibration,64,direct_ovs_ofctl,4,1,s7,forward,10117.106,0,
measured_emulation_calibration,64,direct_ovs_ofctl,4,1,s7,reverse,10446.525,0,
measured_emulation_calibration,64,direct_ovs_ofctl,4,1,s8,forward,10597.484,0,
measured_emulation_calibration,64,direct_ovs_ofctl,4,1,s8,reverse,10399.907,0,
measured_emulation_calibration,64,direct_ovs_ofctl,4,1,s9,forward,10516.308,0,
measured_emulation_calibration,64,direct_ovs_ofctl,4,1,s9,reverse,10851.946,0,
measured_emulation_calibration,64,direct_ovs_ofctl,4,1,s10,forward,10574.112,0,
measured_emulation_calibration,64,direct_ovs_ofctl,4,1,s10,reverse,10281.836,0,
measured_emulation_calibration,64,direct_ovs_ofctl,4,1,s11,forward,11140.256,0,
measured_emulation_calibration,64,direct_ovs_ofctl,4,1,s11,reverse,10210.469,0,
measured_emulation_calibration,64,direct_ovs_ofctl,4,1,s12,forward,10900.193,0,
measured_emulation_calibration,64,direct_ovs_ofctl,4,1,s12,reverse,10775.57,0,
measured_emulation_calibration,64,direct_ovs_ofctl,4,1,s13,forward,11238.21,0,
measured_emulation_calibration,64,direct_ovs_ofctl,4,1,s13,reverse,10956.995,0,
measured_emulation_calibration,64,direct_ovs_ofctl,4,1,s14,forward,11336.999,0,
measured_emulation_calibration,64,direct_ovs_ofctl,4,1,s14,reverse,10438.847,0,
measured_emulation_calibration,64,direct_ovs_ofctl,4,1,s15,forward,11021.31,0,
measured_emulation_calibration,64,direct_ovs_ofctl,4,1,s15,reverse,11341.965,0,
measured_emulation_calibration,64,direct_ovs_ofctl,4,1,s16,forward,11243.218,0,
measured_emulation_calibration,64,direct_ovs_ofctl,4,1,s16,reverse,11078.237,0,
measured_emulation_calibration,64,direct_ovs_ofctl,4,1,s17,forward,10408.922,0,
measured_emulation_calibration,64,direct_ovs_ofctl,4,1,s17,reverse,10280.125,0,
measured_emulation_calibration,64,direct_ovs_ofctl,4,1,s18,forward,10426.952,0,
measured_emulation_calibration,64,direct_ovs_ofctl,4,1,s18,reverse,9852.552,0,
measured_emulation_calibration,64,direct_ovs_ofctl,4,1,s19,forward,11352.68,0,
measured_emulation_calibration,64,direct_ovs_ofctl,4,1,s19,reverse,11227.074,0,
measured_emulation_calibration,64,direct_ovs_ofctl,4,1,s20,forward,10637.934,0,
measured_emulation_calibration,64,direct_ovs_ofctl,4,1,s20,reverse,10644.486,0,
measured_emulation_calibration,64,direct_ovs_ofctl,4,1,s21,forward,10591.864,0,
measured_emulation_calibration,64,direct_ovs_ofctl,4,1,s21,reverse,10480.53,0,
measured_emulation_calibration,64,direct_ovs_ofctl,4,1,s22,forward,11343.958,0,
measured_emulation_calibration,64,direct_ovs_ofctl,4,1,s22,reverse,11032.489,0,
measured_emulation_calibration,64,direct_ovs_ofctl,4,1,s23,forward,10225.52,0,
measured_emulation_calibration,64,direct_ovs_ofctl,4,1,s23,reverse,10983.122,0,
measured_emulation_calibration,64,direct_ovs_ofctl,4,1,s24,forward,9866.854,0,
measured_emulation_calibration,64,direct_ovs_ofctl,4,1,s24,reverse,10585.438,0,
measured_emulation_calibration,64,direct_ovs_ofctl,4,1,s25,forward,10927.496,0,
measured_emulation_calibration,64,direct_ovs_ofctl,4,1,s25,reverse,10211.624,0,
measured_emulation_calibration,64,direct_ovs_ofctl,4,1,s26,forward,11116.114,0,
measured_emulation_calibration,64,direct_ovs_ofctl,4,1,s26,reverse,10603.298,0,
measured_emulation_calibration,64,direct_ovs_ofctl,4,1,s27,forward,9901.03,0,
measured_emulation_calibration,64,direct_ovs_ofctl,4,1,s27,reverse,11365.699,0,
measured_emulation_calibration,64,direct_ovs_ofctl,4,1,s28,forward,10321.039,0,
measured_emulation_calibration,64,direct_ovs_ofctl,4,1,s28,reverse,10263.285,0,
measured_emulation_calibration,64,direct_ovs_ofctl,4,1,s29,forward,11518.68,0,
measured_emulation_calibration,64,direct_ovs_ofctl,4,1,s29,reverse,10475.481,0,
measured_emulation_calibration,64,direct_ovs_ofctl,4,1,s30,forward,11352.137,0,
measured_emulation_calibration,64,direct_ovs_ofctl,4,1,s30,reverse,11059.904,0,
measured_emulation_calibration,64,direct_ovs_ofctl,4,1,s31,forward,10339.817,0,
measured_emulation_calibration,64,direct_ovs_ofctl,4,1,s31,reverse,10754.652,0,
measured_emulation_calibration,64,direct_ovs_ofctl,4,1,s32,forward,11790.257,0,
measured_emulation_calibration,64,direct_ovs_ofctl,4,1,s32,reverse,11007.409,0,
measured_emulation_calibration,64,direct_ovs_ofctl,4,1,s33,forward,11397.122,0,
measured_emulation_calibration,64,direct_ovs_ofctl,4,1,s33,reverse,11853.269,0,
measured_emulation_calibration,64,direct_ovs_ofctl,4,1,s34,forward,11053.812,0,
measured_emulation_calibration,64,direct_ovs_ofctl,4,1,s34,reverse,10925.869,0,
measured_emulation_calibration,64,direct_ovs_ofctl,4,1,s35,forward,10999.48,0,
measured_emulation_calibration,64,direct_ovs_ofctl,4,1,s35,reverse,10229.484,0,
measured_emulation_calibration,64,direct_ovs_ofctl,4,1,s36,forward,11137.939,0,
measured_emulation_calibration,64,direct_ovs_ofctl,4,1,s36,reverse,10899.58,0,
measured_emulation_calibration,64,direct_ovs_ofctl,4,1,s37,forward,10294.541,0,
measured_emulation_calibration,64,direct_ovs_ofctl,4,1,s37,reverse,11273.519,0,
measured_emulation_calibration,64,direct_ovs_ofctl,4,1,s38,forward,11315.04,0,
measured_emulation_calibration,64,direct_ovs_ofctl,4,1,s38,reverse,10648.492,0,
measured_emulation_calibration,64,direct_ovs_ofctl,4,1,s39,forward,11465.392,0,
measured_emulation_calibration,64,direct_ovs_ofctl,4,1,s39,reverse,11935.518,0,
measured_emulation_calibration,64,direct_ovs_ofctl,4,1,s40,forward,10538.91,0,
measured_emulation_calibration,64,direct_ovs_ofctl,4,1,s40,reverse,10517.252,0,
measured_emulation_calibration,64,direct_ovs_ofctl,4,1,s41,forward,10397.529,0,
measured_emulation_calibration,64,direct_ovs_ofctl,4,1,s41,reverse,9999.513,0,
measured_emulation_calibration,64,direct_ovs_ofctl,4,1,s42,forward,11493.351,0,
measured_emulation_calibration,64,direct_ovs_ofctl,4,1,s42,reverse,11228.075,0,
measured_emulation_calibration,64,direct_ovs_ofctl,4,1,s43,forward,10685.965,0,
measured_emulation_calibration,64,direct_ovs_ofctl,4,1,s43,reverse,11643.202,0,
measured_emulation_calibration,64,direct_ovs_ofctl,4,1,s44,forward,11829.4,0,
measured_emulation_calibration,64,direct_ovs_ofctl,4,1,s44,reverse,11403.423,0,
measured_emulation_calibration,64,direct_ovs_ofctl,4,1,s45,forward,10167.14,0,
measured_emulation_calibration,64,direct_ovs_ofctl,4,1,s45,reverse,10661.971,0,
measured_emulation_calibration,64,direct_ovs_ofctl,4,1,s46,forward,9976.52,0,
measured_emulation_calibration,64,direct_ovs_ofctl,4,1,s46,reverse,10239.833,0,
measured_emulation_calibration,64,direct_ovs_ofctl,4,1,s47,forward,10813.825,0,
measured_emulation_calibration,64,direct_ovs_ofctl,4,1,s47,reverse,11306.611,0,
measured_emulation_calibration,64,direct_ovs_ofctl,4,1,s48,forward,11157.385,0,
measured_emulation_calibration,64,direct_ovs_ofctl,4,1,s48,reverse,10340.777,0,
measured_emulation_calibration,64,direct_ovs_ofctl,4,1,s49,forward,11259.164,0,
measured_emulation_calibration,64,direct_ovs_ofctl,4,1,s49,reverse,10773.306,0,
measured_emulation_calibration,64,direct_ovs_ofctl,4,1,s50,forward,10422.61,0,
measured_emulation_calibration,64,direct_ovs_ofctl,4,1,s50,reverse,12139.702,0,
measured_emulation_calibration,64,direct_ovs_ofctl,4,1,s51,forward,10152.91,0,
measured_emulation_calibration,64,direct_ovs_ofctl,4,1,s51,reverse,10524.847,0,
measured_emulation_calibration,64,direct_ovs_ofctl,4,1,s52,forward,10419.146,0,
measured_emulation_calibration,64,direct_ovs_ofctl,4,1,s52,reverse,10962.048,0,
measured_emulation_calibration,64,direct_ovs_ofctl,4,1,s53,forward,10485.454,0,
measured_emulation_calibration,64,direct_ovs_ofctl,4,1,s53,reverse,10563.823,0,
measured_emulation_calibration,64,direct_ovs_ofctl,4,1,s54,forward,10258.945,0,
measured_emulation_calibration,64,direct_ovs_ofctl,4,1,s54,reverse,11167.734,0,
measured_emulation_calibration,64,direct_ovs_ofctl,4,1,s55,forward,10785.574,0,
measured_emulation_calibration,64,direct_ovs_ofctl,4,1,s55,reverse,10382.34,0,
measured_emulation_calibration,64,direct_ovs_ofctl,4,1,s56,forward,12109.072,0,
measured_emulation_calibration,64,direct_ovs_ofctl,4,1,s56,reverse,11274.228,0,
measured_emulation_calibration,64,direct_ovs_ofctl,4,1,s57,forward,10813.073,0,
measured_emulation_calibration,64,direct_ovs_ofctl,4,1,s57,reverse,10799.845,0,
measured_emulation_calibration,64,direct_ovs_ofctl,4,1,s58,forward,10491.589,0,
measured_emulation_calibration,64,direct_ovs_ofctl,4,1,s58,reverse,10573.712,0,
measured_emulation_calibration,64,direct_ovs_ofctl,4,1,s59,forward,10294.375,0,
measured_emulation_calibration,64,direct_ovs_ofctl,4,1,s59,reverse,10195.224,0,
measured_emulation_calibration,64,direct_ovs_ofctl,4,1,s60,forward,11404.716,0,
measured_emulation_calibration,64,direct_ovs_ofctl,4,1,s60,reverse,12144.0,0,
measured_emulation_calibration,64,direct_ovs_ofctl,4,1,s61,forward,12076.565,0,
measured_emulation_calibration,64,direct_ovs_ofctl,4,1,s61,reverse,10881.469,0,
measured_emulation_calibration,64,direct_ovs_ofctl,4,1,s62,forward,10849.462,0,
measured_emulation_calibration,64,direct_ovs_ofctl,4,1,s62,reverse,11042.253,0,
measured_emulation_calibration,64,direct_ovs_ofctl,4,1,s63,forward,11240.219,0,
measured_emulation_calibration,64,direct_ovs_ofctl,4,1,s63,reverse,11158.262,0,
measured_emulation_calibration,64,direct_ovs_ofctl,4,1,s64,forward,11536.374,0,
measured_emulation_calibration,64,direct_ovs_ofctl,4,1,s64,reverse,10908.921,0,
measured_emulation_calibration,64,daim_adapter,4,1,s1,forward,15535.159,0,
measured_emulation_calibration,64,daim_adapter,4,1,s1,reverse,14445.527,0,
measured_emulation_calibration,64,daim_adapter,4,1,s2,forward,13540.442,0,
measured_emulation_calibration,64,daim_adapter,4,1,s2,reverse,14077.601,0,
measured_emulation_calibration,64,daim_adapter,4,1,s3,forward,14311.133,0,
measured_emulation_calibration,64,daim_adapter,4,1,s3,reverse,13981.468,0,
measured_emulation_calibration,64,daim_adapter,4,1,s4,forward,13737.881,0,
measured_emulation_calibration,64,daim_adapter,4,1,s4,reverse,13368.036,0,
measured_emulation_calibration,64,daim_adapter,4,1,s5,forward,12659.139,0,
measured_emulation_calibration,64,daim_adapter,4,1,s5,reverse,14598.739,0,
measured_emulation_calibration,64,daim_adapter,4,1,s6,forward,13768.507,0,
measured_emulation_calibration,64,daim_adapter,4,1,s6,reverse,14112.858,0,
measured_emulation_calibration,64,daim_adapter,4,1,s7,forward,13186.41,0,
measured_emulation_calibration,64,daim_adapter,4,1,s7,reverse,13036.327,0,
measured_emulation_calibration,64,daim_adapter,4,1,s8,forward,14877.458,0,
measured_emulation_calibration,64,daim_adapter,4,1,s8,reverse,14797.389,0,
measured_emulation_calibration,64,daim_adapter,4,1,s9,forward,13825.044,0,
measured_emulation_calibration,64,daim_adapter,4,1,s9,reverse,13770.259,0,
measured_emulation_calibration,64,daim_adapter,4,1,s10,forward,13543.195,0,
measured_emulation_calibration,64,daim_adapter,4,1,s10,reverse,14046.266,0,
measured_emulation_calibration,64,daim_adapter,4,1,s11,forward,14615.405,0,
measured_emulation_calibration,64,daim_adapter,4,1,s11,reverse,14167.161,0,
measured_emulation_calibration,64,daim_adapter,4,1,s12,forward,14072.166,0,
measured_emulation_calibration,64,daim_adapter,4,1,s12,reverse,13556.342,0,
measured_emulation_calibration,64,daim_adapter,4,1,s13,forward,12723.073,0,
measured_emulation_calibration,64,daim_adapter,4,1,s13,reverse,13984.846,0,
measured_emulation_calibration,64,daim_adapter,4,1,s14,forward,13826.394,0,
measured_emulation_calibration,64,daim_adapter,4,1,s14,reverse,13956.31,0,
measured_emulation_calibration,64,daim_adapter,4,1,s15,forward,13788.054,0,
measured_emulation_calibration,64,daim_adapter,4,1,s15,reverse,13630.144,0,
measured_emulation_calibration,64,daim_adapter,4,1,s16,forward,13960.815,0,
measured_emulation_calibration,64,daim_adapter,4,1,s16,reverse,13425.592,0,
measured_emulation_calibration,64,daim_adapter,4,1,s17,forward,14037.539,0,
measured_emulation_calibration,64,daim_adapter,4,1,s17,reverse,14093.526,0,
measured_emulation_calibration,64,daim_adapter,4,1,s18,forward,13638.113,0,
measured_emulation_calibration,64,daim_adapter,4,1,s18,reverse,12911.855,0,
measured_emulation_calibration,64,daim_adapter,4,1,s19,forward,14174.003,0,
measured_emulation_calibration,64,daim_adapter,4,1,s19,reverse,14416.395,0,
measured_emulation_calibration,64,daim_adapter,4,1,s20,forward,13750.715,0,
measured_emulation_calibration,64,daim_adapter,4,1,s20,reverse,13779.126,0,
measured_emulation_calibration,64,daim_adapter,4,1,s21,forward,14033.116,0,
measured_emulation_calibration,64,daim_adapter,4,1,s21,reverse,13210.986,0,
measured_emulation_calibration,64,daim_adapter,4,1,s22,forward,14275.007,0,
measured_emulation_calibration,64,daim_adapter,4,1,s22,reverse,14461.203,0,
measured_emulation_calibration,64,daim_adapter,4,1,s23,forward,13437.274,0,
measured_emulation_calibration,64,daim_adapter,4,1,s23,reverse,13480.078,0,
measured_emulation_calibration,64,daim_adapter,4,1,s24,forward,15060.758,0,
measured_emulation_calibration,64,daim_adapter,4,1,s24,reverse,12770.758,0,
measured_emulation_calibration,64,daim_adapter,4,1,s25,forward,13905.662,0,
measured_emulation_calibration,64,daim_adapter,4,1,s25,reverse,13491.927,0,
measured_emulation_calibration,64,daim_adapter,4,1,s26,forward,13903.325,0,
measured_emulation_calibration,64,daim_adapter,4,1,s26,reverse,13980.507,0,
measured_emulation_calibration,64,daim_adapter,4,1,s27,forward,14229.742,0,
measured_emulation_calibration,64,daim_adapter,4,1,s27,reverse,13917.969,0,
measured_emulation_calibration,64,daim_adapter,4,1,s28,forward,13225.421,0,
measured_emulation_calibration,64,daim_adapter,4,1,s28,reverse,13131.426,0,
measured_emulation_calibration,64,daim_adapter,4,1,s29,forward,14115.387,0,
measured_emulation_calibration,64,daim_adapter,4,1,s29,reverse,14896.298,0,
measured_emulation_calibration,64,daim_adapter,4,1,s30,forward,13963.944,0,
measured_emulation_calibration,64,daim_adapter,4,1,s30,reverse,14185.434,0,
measured_emulation_calibration,64,daim_adapter,4,1,s31,forward,14080.385,0,
measured_emulation_calibration,64,daim_adapter,4,1,s31,reverse,14362.703,0,
measured_emulation_calibration,64,daim_adapter,4,1,s32,forward,14895.798,0,
measured_emulation_calibration,64,daim_adapter,4,1,s32,reverse,13998.572,0,
measured_emulation_calibration,64,daim_adapter,4,1,s33,forward,14704.972,0,
measured_emulation_calibration,64,daim_adapter,4,1,s33,reverse,13998.405,0,
measured_emulation_calibration,64,daim_adapter,4,1,s34,forward,13462.557,0,
measured_emulation_calibration,64,daim_adapter,4,1,s34,reverse,14010.546,0,
measured_emulation_calibration,64,daim_adapter,4,1,s35,forward,14311.47,0,
measured_emulation_calibration,64,daim_adapter,4,1,s35,reverse,14018.765,0,
measured_emulation_calibration,64,daim_adapter,4,1,s36,forward,13748.628,0,
measured_emulation_calibration,64,daim_adapter,4,1,s36,reverse,14051.723,0,
measured_emulation_calibration,64,daim_adapter,4,1,s37,forward,14195.99,0,
measured_emulation_calibration,64,daim_adapter,4,1,s37,reverse,14187.938,0,
measured_emulation_calibration,64,daim_adapter,4,1,s38,forward,12838.72,0,
measured_emulation_calibration,64,daim_adapter,4,1,s38,reverse,13875.957,0,
measured_emulation_calibration,64,daim_adapter,4,1,s39,forward,14238.878,0,
measured_emulation_calibration,64,daim_adapter,4,1,s39,reverse,14219.562,0,
measured_emulation_calibration,64,daim_adapter,4,1,s40,forward,13413.703,0,
measured_emulation_calibration,64,daim_adapter,4,1,s40,reverse,13755.93,0,
measured_emulation_calibration,64,daim_adapter,4,1,s41,forward,13366.308,0,
measured_emulation_calibration,64,daim_adapter,4,1,s41,reverse,14338.671,0,
measured_emulation_calibration,64,daim_adapter,4,1,s42,forward,14837.14,0,
measured_emulation_calibration,64,daim_adapter,4,1,s42,reverse,14183.057,0,
measured_emulation_calibration,64,daim_adapter,4,1,s43,forward,13389.504,0,
measured_emulation_calibration,64,daim_adapter,4,1,s43,reverse,14031.196,0,
measured_emulation_calibration,64,daim_adapter,4,1,s44,forward,14716.402,0,
measured_emulation_calibration,64,daim_adapter,4,1,s44,reverse,14771.932,0,
measured_emulation_calibration,64,daim_adapter,4,1,s45,forward,14081.677,0,
measured_emulation_calibration,64,daim_adapter,4,1,s45,reverse,13556.009,0,
measured_emulation_calibration,64,daim_adapter,4,1,s46,forward,12872.263,0,
measured_emulation_calibration,64,daim_adapter,4,1,s46,reverse,13554.966,0,
measured_emulation_calibration,64,daim_adapter,4,1,s47,forward,13976.28,0,
measured_emulation_calibration,64,daim_adapter,4,1,s47,reverse,14607.686,0,
measured_emulation_calibration,64,daim_adapter,4,1,s48,forward,13741.25,0,
measured_emulation_calibration,64,daim_adapter,4,1,s48,reverse,13315.332,0,
measured_emulation_calibration,64,daim_adapter,4,1,s49,forward,13373.526,0,
measured_emulation_calibration,64,daim_adapter,4,1,s49,reverse,14825.484,0,
measured_emulation_calibration,64,daim_adapter,4,1,s50,forward,14363.524,0,
measured_emulation_calibration,64,daim_adapter,4,1,s50,reverse,14371.951,0,
measured_emulation_calibration,64,daim_adapter,4,1,s51,forward,13630.453,0,
measured_emulation_calibration,64,daim_adapter,4,1,s51,reverse,14405.907,0,
measured_emulation_calibration,64,daim_adapter,4,1,s52,forward,12974.39,0,
measured_emulation_calibration,64,daim_adapter,4,1,s52,reverse,13207.164,0,
measured_emulation_calibration,64,daim_adapter,4,1,s53,forward,13872.321,0,
measured_emulation_calibration,64,daim_adapter,4,1,s53,reverse,13726.941,0,
measured_emulation_calibration,64,daim_adapter,4,1,s54,forward,13892.511,0,
measured_emulation_calibration,64,daim_adapter,4,1,s54,reverse,13737.412,0,
measured_emulation_calibration,64,daim_adapter,4,1,s55,forward,13319.629,0,
measured_emulation_calibration,64,daim_adapter,4,1,s55,reverse,14738.799,0,
measured_emulation_calibration,64,daim_adapter,4,1,s56,forward,14589.706,0,
measured_emulation_calibration,64,daim_adapter,4,1,s56,reverse,14123.158,0,
measured_emulation_calibration,64,daim_adapter,4,1,s57,forward,14867.033,0,
measured_emulation_calibration,64,daim_adapter,4,1,s57,reverse,13506.849,0,
measured_emulation_calibration,64,daim_adapter,4,1,s58,forward,14135.298,0,
measured_emulation_calibration,64,daim_adapter,4,1,s58,reverse,14076.019,0,
measured_emulation_calibration,64,daim_adapter,4,1,s59,forward,13502.51,0,
measured_emulation_calibration,64,daim_adapter,4,1,s59,reverse,14615.57,0,
measured_emulation_calibration,64,daim_adapter,4,1,s60,forward,15030.35,0,
measured_emulation_calibration,64,daim_adapter,4,1,s60,reverse,14981.167,0,
measured_emulation_calibration,64,daim_adapter,4,1,s61,forward,15176.021,0,
measured_emulation_calibration,64,daim_adapter,4,1,s61,reverse,14176.763,0,
measured_emulation_calibration,64,daim_adapter,4,1,s62,forward,13413.489,0,
measured_emulation_calibration,64,daim_adapter,4,1,s62,reverse,13793.52,0,
measured_emulation_calibration,64,daim_adapter,4,1,s63,forward,14107.43,0,
measured_emulation_calibration,64,daim_adapter,4,1,s63,reverse,14398.065,0,
measured_emulation_calibration,64,daim_adapter,4,1,s64,forward,13935.979,0,
measured_emulation_calibration,64,daim_adapter,4,1,s64,reverse,13892.803,0,
measured_emulation_calibration,64,daim_adapter,5,1,s1,forward,14992.121,0,
measured_emulation_calibration,64,daim_adapter,5,1,s1,reverse,14508.009,0,
measured_emulation_calibration,64,daim_adapter,5,1,s2,forward,13361.757,0,
measured_emulation_calibration,64,daim_adapter,5,1,s2,reverse,13817.171,0,
measured_emulation_calibration,64,daim_adapter,5,1,s3,forward,14213.688,0,
measured_emulation_calibration,64,daim_adapter,5,1,s3,reverse,14044.461,0,
measured_emulation_calibration,64,daim_adapter,5,1,s4,forward,13449.269,0,
measured_emulation_calibration,64,daim_adapter,5,1,s4,reverse,13746.553,0,
measured_emulation_calibration,64,daim_adapter,5,1,s5,forward,13848.455,0,
measured_emulation_calibration,64,daim_adapter,5,1,s5,reverse,14689.707,0,
measured_emulation_calibration,64,daim_adapter,5,1,s6,forward,14285.475,0,
measured_emulation_calibration,64,daim_adapter,5,1,s6,reverse,14710.605,0,
measured_emulation_calibration,64,daim_adapter,5,1,s7,forward,14508.552,0,
measured_emulation_calibration,64,daim_adapter,5,1,s7,reverse,13760.734,0,
measured_emulation_calibration,64,daim_adapter,5,1,s8,forward,13739.544,0,
measured_emulation_calibration,64,daim_adapter,5,1,s8,reverse,14120.544,0,
measured_emulation_calibration,64,daim_adapter,5,1,s9,forward,13958.117,0,
measured_emulation_calibration,64,daim_adapter,5,1,s9,reverse,13465.746,0,
measured_emulation_calibration,64,daim_adapter,5,1,s10,forward,13063.14,0,
measured_emulation_calibration,64,daim_adapter,5,1,s10,reverse,13804.533,0,
measured_emulation_calibration,64,daim_adapter,5,1,s11,forward,13273.202,0,
measured_emulation_calibration,64,daim_adapter,5,1,s11,reverse,13943.476,0,
measured_emulation_calibration,64,daim_adapter,5,1,s12,forward,14266.954,0,
measured_emulation_calibration,64,daim_adapter,5,1,s12,reverse,14271.167,0,
measured_emulation_calibration,64,daim_adapter,5,1,s13,forward,14256.943,0,
measured_emulation_calibration,64,daim_adapter,5,1,s13,reverse,14298.155,0,
measured_emulation_calibration,64,daim_adapter,5,1,s14,forward,13884.703,0,
measured_emulation_calibration,64,daim_adapter,5,1,s14,reverse,13200.456,0,
measured_emulation_calibration,64,daim_adapter,5,1,s15,forward,13761.778,0,
measured_emulation_calibration,64,daim_adapter,5,1,s15,reverse,14137.897,0,
measured_emulation_calibration,64,daim_adapter,5,1,s16,forward,14455.702,0,
measured_emulation_calibration,64,daim_adapter,5,1,s16,reverse,14052.887,0,
measured_emulation_calibration,64,daim_adapter,5,1,s17,forward,13109.023,0,
measured_emulation_calibration,64,daim_adapter,5,1,s17,reverse,13089.251,0,
measured_emulation_calibration,64,daim_adapter,5,1,s18,forward,14089.135,0,
measured_emulation_calibration,64,daim_adapter,5,1,s18,reverse,13537.198,0,
measured_emulation_calibration,64,daim_adapter,5,1,s19,forward,14521.106,0,
measured_emulation_calibration,64,daim_adapter,5,1,s19,reverse,14475.557,0,
measured_emulation_calibration,64,daim_adapter,5,1,s20,forward,13995.616,0,
measured_emulation_calibration,64,daim_adapter,5,1,s20,reverse,13957.408,0,
measured_emulation_calibration,64,daim_adapter,5,1,s21,forward,13639.769,0,
measured_emulation_calibration,64,daim_adapter,5,1,s21,reverse,13699.418,0,
measured_emulation_calibration,64,daim_adapter,5,1,s22,forward,15356.393,0,
measured_emulation_calibration,64,daim_adapter,5,1,s22,reverse,14010.591,0,
measured_emulation_calibration,64,daim_adapter,5,1,s23,forward,13595.763,0,
measured_emulation_calibration,64,daim_adapter,5,1,s23,reverse,13727.74,0,
measured_emulation_calibration,64,daim_adapter,5,1,s24,forward,13487.311,0,
measured_emulation_calibration,64,daim_adapter,5,1,s24,reverse,13787.222,0,
measured_emulation_calibration,64,daim_adapter,5,1,s25,forward,13403.094,0,
measured_emulation_calibration,64,daim_adapter,5,1,s25,reverse,13998.911,0,
measured_emulation_calibration,64,daim_adapter,5,1,s26,forward,13001.364,0,
measured_emulation_calibration,64,daim_adapter,5,1,s26,reverse,13658.248,0,
measured_emulation_calibration,64,daim_adapter,5,1,s27,forward,14220.696,0,
measured_emulation_calibration,64,daim_adapter,5,1,s27,reverse,14696.215,0,
measured_emulation_calibration,64,daim_adapter,5,1,s28,forward,13614.283,0,
measured_emulation_calibration,64,daim_adapter,5,1,s28,reverse,13342.194,0,
measured_emulation_calibration,64,daim_adapter,5,1,s29,forward,14241.51,0,
measured_emulation_calibration,64,daim_adapter,5,1,s29,reverse,14289.265,0,
measured_emulation_calibration,64,daim_adapter,5,1,s30,forward,14126.339,0,
measured_emulation_calibration,64,daim_adapter,5,1,s30,reverse,14385.144,0,
measured_emulation_calibration,64,daim_adapter,5,1,s31,forward,14239.955,0,
measured_emulation_calibration,64,daim_adapter,5,1,s31,reverse,14474.026,0,
measured_emulation_calibration,64,daim_adapter,5,1,s32,forward,14785.009,0,
measured_emulation_calibration,64,daim_adapter,5,1,s32,reverse,13996.624,0,
measured_emulation_calibration,64,daim_adapter,5,1,s33,forward,14070.365,0,
measured_emulation_calibration,64,daim_adapter,5,1,s33,reverse,14400.117,0,
measured_emulation_calibration,64,daim_adapter,5,1,s34,forward,13314.387,0,
measured_emulation_calibration,64,daim_adapter,5,1,s34,reverse,14027.78,0,
measured_emulation_calibration,64,daim_adapter,5,1,s35,forward,13426.502,0,
measured_emulation_calibration,64,daim_adapter,5,1,s35,reverse,13631.294,0,
measured_emulation_calibration,64,daim_adapter,5,1,s36,forward,13661.324,0,
measured_emulation_calibration,64,daim_adapter,5,1,s36,reverse,13627.706,0,
measured_emulation_calibration,64,daim_adapter,5,1,s37,forward,14642.948,0,
measured_emulation_calibration,64,daim_adapter,5,1,s37,reverse,13034.144,0,
measured_emulation_calibration,64,daim_adapter,5,1,s38,forward,12776.548,0,
measured_emulation_calibration,64,daim_adapter,5,1,s38,reverse,12675.487,0,
measured_emulation_calibration,64,daim_adapter,5,1,s39,forward,14703.718,0,
measured_emulation_calibration,64,daim_adapter,5,1,s39,reverse,15057.995,0,
measured_emulation_calibration,64,daim_adapter,5,1,s40,forward,13252.032,0,
measured_emulation_calibration,64,daim_adapter,5,1,s40,reverse,13598.26,0,
measured_emulation_calibration,64,daim_adapter,5,1,s41,forward,13390.965,0,
measured_emulation_calibration,64,daim_adapter,5,1,s41,reverse,13474.216,0,
measured_emulation_calibration,64,daim_adapter,5,1,s42,forward,14231.529,0,
measured_emulation_calibration,64,daim_adapter,5,1,s42,reverse,14383.892,0,
measured_emulation_calibration,64,daim_adapter,5,1,s43,forward,14655.627,0,
measured_emulation_calibration,64,daim_adapter,5,1,s43,reverse,14759.65,0,
measured_emulation_calibration,64,daim_adapter,5,1,s44,forward,14629.392,0,
measured_emulation_calibration,64,daim_adapter,5,1,s44,reverse,15097.87,0,
measured_emulation_calibration,64,daim_adapter,5,1,s45,forward,13183.463,0,
measured_emulation_calibration,64,daim_adapter,5,1,s45,reverse,13948.449,0,
measured_emulation_calibration,64,daim_adapter,5,1,s46,forward,14135.181,0,
measured_emulation_calibration,64,daim_adapter,5,1,s46,reverse,13793.333,0,
measured_emulation_calibration,64,daim_adapter,5,1,s47,forward,14060.981,0,
measured_emulation_calibration,64,daim_adapter,5,1,s47,reverse,14773.915,0,
measured_emulation_calibration,64,daim_adapter,5,1,s48,forward,13068.804,0,
measured_emulation_calibration,64,daim_adapter,5,1,s48,reverse,14227.233,0,
measured_emulation_calibration,64,daim_adapter,5,1,s49,forward,14756.522,0,
measured_emulation_calibration,64,daim_adapter,5,1,s49,reverse,14082.211,0,
measured_emulation_calibration,64,daim_adapter,5,1,s50,forward,14380.514,0,
measured_emulation_calibration,64,daim_adapter,5,1,s50,reverse,13976.979,0,
measured_emulation_calibration,64,daim_adapter,5,1,s51,forward,13848.847,0,
measured_emulation_calibration,64,daim_adapter,5,1,s51,reverse,14141.896,0,
measured_emulation_calibration,64,daim_adapter,5,1,s52,forward,14032.993,0,
measured_emulation_calibration,64,daim_adapter,5,1,s52,reverse,15774.475,0,
measured_emulation_calibration,64,daim_adapter,5,1,s53,forward,13697.736,0,
measured_emulation_calibration,64,daim_adapter,5,1,s53,reverse,13458.7,0,
measured_emulation_calibration,64,daim_adapter,5,1,s54,forward,13804.177,0,
measured_emulation_calibration,64,daim_adapter,5,1,s54,reverse,13103.589,0,
measured_emulation_calibration,64,daim_adapter,5,1,s55,forward,13969.053,0,
measured_emulation_calibration,64,daim_adapter,5,1,s55,reverse,14025.862,0,
measured_emulation_calibration,64,daim_adapter,5,1,s56,forward,14336.719,0,
measured_emulation_calibration,64,daim_adapter,5,1,s56,reverse,14532.835,0,
measured_emulation_calibration,64,daim_adapter,5,1,s57,forward,13702.866,0,
measured_emulation_calibration,64,daim_adapter,5,1,s57,reverse,13380.163,0,
measured_emulation_calibration,64,daim_adapter,5,1,s58,forward,13764.011,0,
measured_emulation_calibration,64,daim_adapter,5,1,s58,reverse,14111.532,0,
measured_emulation_calibration,64,daim_adapter,5,1,s59,forward,13484.185,0,
measured_emulation_calibration,64,daim_adapter,5,1,s59,reverse,13874.416,0,
measured_emulation_calibration,64,daim_adapter,5,1,s60,forward,14924.359,0,
measured_emulation_calibration,64,daim_adapter,5,1,s60,reverse,14377.637,0,
measured_emulation_calibration,64,daim_adapter,5,1,s61,forward,14556.61,0,
measured_emulation_calibration,64,daim_adapter,5,1,s61,reverse,14473.484,0,
measured_emulation_calibration,64,daim_adapter,5,1,s62,forward,13342.665,0,
measured_emulation_calibration,64,daim_adapter,5,1,s62,reverse,14266.315,0,
measured_emulation_calibration,64,daim_adapter,5,1,s63,forward,14970.532,0,
measured_emulation_calibration,64,daim_adapter,5,1,s63,reverse,14313.404,0,
measured_emulation_calibration,64,daim_adapter,5,1,s64,forward,13525.685,0,
measured_emulation_calibration,64,daim_adapter,5,1,s64,reverse,14041.711,0,
measured_emulation_calibration,64,direct_ovs_ofctl,5,1,s1,forward,11372.006,0,
measured_emulation_calibration,64,direct_ovs_ofctl,5,1,s1,reverse,11327.882,0,
measured_emulation_calibration,64,direct_ovs_ofctl,5,1,s2,forward,10722.638,0,
measured_emulation_calibration,64,direct_ovs_ofctl,5,1,s2,reverse,10788.868,0,
measured_emulation_calibration,64,direct_ovs_ofctl,5,1,s3,forward,10937.009,0,
measured_emulation_calibration,64,direct_ovs_ofctl,5,1,s3,reverse,10167.316,0,
measured_emulation_calibration,64,direct_ovs_ofctl,5,1,s4,forward,10689.398,0,
measured_emulation_calibration,64,direct_ovs_ofctl,5,1,s4,reverse,10653.572,0,
measured_emulation_calibration,64,direct_ovs_ofctl,5,1,s5,forward,10426.021,0,
measured_emulation_calibration,64,direct_ovs_ofctl,5,1,s5,reverse,11094.868,0,
measured_emulation_calibration,64,direct_ovs_ofctl,5,1,s6,forward,11194.004,0,
measured_emulation_calibration,64,direct_ovs_ofctl,5,1,s6,reverse,11201.47,0,
measured_emulation_calibration,64,direct_ovs_ofctl,5,1,s7,forward,10718.842,0,
measured_emulation_calibration,64,direct_ovs_ofctl,5,1,s7,reverse,11317.372,0,
measured_emulation_calibration,64,direct_ovs_ofctl,5,1,s8,forward,10279.507,0,
measured_emulation_calibration,64,direct_ovs_ofctl,5,1,s8,reverse,10478.655,0,
measured_emulation_calibration,64,direct_ovs_ofctl,5,1,s9,forward,10789.201,0,
measured_emulation_calibration,64,direct_ovs_ofctl,5,1,s9,reverse,10863.897,0,
measured_emulation_calibration,64,direct_ovs_ofctl,5,1,s10,forward,10906.521,0,
measured_emulation_calibration,64,direct_ovs_ofctl,5,1,s10,reverse,10220.493,0,
measured_emulation_calibration,64,direct_ovs_ofctl,5,1,s11,forward,11515.185,0,
measured_emulation_calibration,64,direct_ovs_ofctl,5,1,s11,reverse,11235.502,0,
measured_emulation_calibration,64,direct_ovs_ofctl,5,1,s12,forward,10698.281,0,
measured_emulation_calibration,64,direct_ovs_ofctl,5,1,s12,reverse,11169.815,0,
measured_emulation_calibration,64,direct_ovs_ofctl,5,1,s13,forward,10917.741,0,
measured_emulation_calibration,64,direct_ovs_ofctl,5,1,s13,reverse,10475.694,0,
measured_emulation_calibration,64,direct_ovs_ofctl,5,1,s14,forward,10760.674,0,
measured_emulation_calibration,64,direct_ovs_ofctl,5,1,s14,reverse,10552.494,0,
measured_emulation_calibration,64,direct_ovs_ofctl,5,1,s15,forward,12261.076,0,
measured_emulation_calibration,64,direct_ovs_ofctl,5,1,s15,reverse,10695.589,0,
measured_emulation_calibration,64,direct_ovs_ofctl,5,1,s16,forward,10801.267,0,
measured_emulation_calibration,64,direct_ovs_ofctl,5,1,s16,reverse,10277.423,0,
measured_emulation_calibration,64,direct_ovs_ofctl,5,1,s17,forward,10428.35,0,
measured_emulation_calibration,64,direct_ovs_ofctl,5,1,s17,reverse,11477.124,0,
measured_emulation_calibration,64,direct_ovs_ofctl,5,1,s18,forward,10421.468,0,
measured_emulation_calibration,64,direct_ovs_ofctl,5,1,s18,reverse,10537.406,0,
measured_emulation_calibration,64,direct_ovs_ofctl,5,1,s19,forward,10623.275,0,
measured_emulation_calibration,64,direct_ovs_ofctl,5,1,s19,reverse,11428.747,0,
measured_emulation_calibration,64,direct_ovs_ofctl,5,1,s20,forward,12030.953,0,
measured_emulation_calibration,64,direct_ovs_ofctl,5,1,s20,reverse,11015.668,0,
measured_emulation_calibration,64,direct_ovs_ofctl,5,1,s21,forward,10165.489,0,
measured_emulation_calibration,64,direct_ovs_ofctl,5,1,s21,reverse,10588.368,0,
measured_emulation_calibration,64,direct_ovs_ofctl,5,1,s22,forward,11532.59,0,
measured_emulation_calibration,64,direct_ovs_ofctl,5,1,s22,reverse,10559.092,0,
measured_emulation_calibration,64,direct_ovs_ofctl,5,1,s23,forward,10744.174,0,
measured_emulation_calibration,64,direct_ovs_ofctl,5,1,s23,reverse,10519.473,0,
measured_emulation_calibration,64,direct_ovs_ofctl,5,1,s24,forward,10561.928,0,
measured_emulation_calibration,64,direct_ovs_ofctl,5,1,s24,reverse,10260.658,0,
measured_emulation_calibration,64,direct_ovs_ofctl,5,1,s25,forward,10407.956,0,
measured_emulation_calibration,64,direct_ovs_ofctl,5,1,s25,reverse,11189.658,0,
measured_emulation_calibration,64,direct_ovs_ofctl,5,1,s26,forward,10813.236,0,
measured_emulation_calibration,64,direct_ovs_ofctl,5,1,s26,reverse,10897.645,0,
measured_emulation_calibration,64,direct_ovs_ofctl,5,1,s27,forward,10395.987,0,
measured_emulation_calibration,64,direct_ovs_ofctl,5,1,s27,reverse,11734.187,0,
measured_emulation_calibration,64,direct_ovs_ofctl,5,1,s28,forward,10102.14,0,
measured_emulation_calibration,64,direct_ovs_ofctl,5,1,s28,reverse,10796.305,0,
measured_emulation_calibration,64,direct_ovs_ofctl,5,1,s29,forward,11660.162,0,
measured_emulation_calibration,64,direct_ovs_ofctl,5,1,s29,reverse,11386.5,0,
measured_emulation_calibration,64,direct_ovs_ofctl,5,1,s30,forward,11667.962,0,
measured_emulation_calibration,64,direct_ovs_ofctl,5,1,s30,reverse,11133.732,0,
measured_emulation_calibration,64,direct_ovs_ofctl,5,1,s31,forward,10467.635,0,
measured_emulation_calibration,64,direct_ovs_ofctl,5,1,s31,reverse,11407.603,0,
measured_emulation_calibration,64,direct_ovs_ofctl,5,1,s32,forward,11482.087,0,
measured_emulation_calibration,64,direct_ovs_ofctl,5,1,s32,reverse,11356.349,0,
measured_emulation_calibration,64,direct_ovs_ofctl,5,1,s33,forward,11398.678,0,
measured_emulation_calibration,64,direct_ovs_ofctl,5,1,s33,reverse,11301.883,0,
measured_emulation_calibration,64,direct_ovs_ofctl,5,1,s34,forward,10870.871,0,
measured_emulation_calibration,64,direct_ovs_ofctl,5,1,s34,reverse,10876.293,0,
measured_emulation_calibration,64,direct_ovs_ofctl,5,1,s35,forward,10880.255,0,
measured_emulation_calibration,64,direct_ovs_ofctl,5,1,s35,reverse,9847.662,0,
measured_emulation_calibration,64,direct_ovs_ofctl,5,1,s36,forward,11140.863,0,
measured_emulation_calibration,64,direct_ovs_ofctl,5,1,s36,reverse,10704.932,0,
measured_emulation_calibration,64,direct_ovs_ofctl,5,1,s37,forward,10895.102,0,
measured_emulation_calibration,64,direct_ovs_ofctl,5,1,s37,reverse,10938.557,0,
measured_emulation_calibration,64,direct_ovs_ofctl,5,1,s38,forward,10002.635,0,
measured_emulation_calibration,64,direct_ovs_ofctl,5,1,s38,reverse,10837.967,0,
measured_emulation_calibration,64,direct_ovs_ofctl,5,1,s39,forward,10738.92,0,
measured_emulation_calibration,64,direct_ovs_ofctl,5,1,s39,reverse,11407.853,0,
measured_emulation_calibration,64,direct_ovs_ofctl,5,1,s40,forward,10756.728,0,
measured_emulation_calibration,64,direct_ovs_ofctl,5,1,s40,reverse,10254.903,0,
measured_emulation_calibration,64,direct_ovs_ofctl,5,1,s41,forward,10441.361,0,
measured_emulation_calibration,64,direct_ovs_ofctl,5,1,s41,reverse,10571.019,0,
measured_emulation_calibration,64,direct_ovs_ofctl,5,1,s42,forward,11031.432,0,
measured_emulation_calibration,64,direct_ovs_ofctl,5,1,s42,reverse,10824.997,0,
measured_emulation_calibration,64,direct_ovs_ofctl,5,1,s43,forward,11202.127,0,
measured_emulation_calibration,64,direct_ovs_ofctl,5,1,s43,reverse,11141.031,0,
measured_emulation_calibration,64,direct_ovs_ofctl,5,1,s44,forward,11236.408,0,
measured_emulation_calibration,64,direct_ovs_ofctl,5,1,s44,reverse,11600.067,0,
measured_emulation_calibration,64,direct_ovs_ofctl,5,1,s45,forward,10486.486,0,
measured_emulation_calibration,64,direct_ovs_ofctl,5,1,s45,reverse,10236.052,0,
measured_emulation_calibration,64,direct_ovs_ofctl,5,1,s46,forward,10704.055,0,
measured_emulation_calibration,64,direct_ovs_ofctl,5,1,s46,reverse,10402.368,0,
measured_emulation_calibration,64,direct_ovs_ofctl,5,1,s47,forward,10544.996,0,
measured_emulation_calibration,64,direct_ovs_ofctl,5,1,s47,reverse,11331.952,0,
measured_emulation_calibration,64,direct_ovs_ofctl,5,1,s48,forward,10171.578,0,
measured_emulation_calibration,64,direct_ovs_ofctl,5,1,s48,reverse,10818.699,0,
measured_emulation_calibration,64,direct_ovs_ofctl,5,1,s49,forward,11625.256,0,
measured_emulation_calibration,64,direct_ovs_ofctl,5,1,s49,reverse,11739.15,0,
measured_emulation_calibration,64,direct_ovs_ofctl,5,1,s50,forward,10692.503,0,
measured_emulation_calibration,64,direct_ovs_ofctl,5,1,s50,reverse,10964.206,0,
measured_emulation_calibration,64,direct_ovs_ofctl,5,1,s51,forward,10500.081,0,
measured_emulation_calibration,64,direct_ovs_ofctl,5,1,s51,reverse,10818.199,0,
measured_emulation_calibration,64,direct_ovs_ofctl,5,1,s52,forward,10442.905,0,
measured_emulation_calibration,64,direct_ovs_ofctl,5,1,s52,reverse,10702.22,0,
measured_emulation_calibration,64,direct_ovs_ofctl,5,1,s53,forward,10306.241,0,
measured_emulation_calibration,64,direct_ovs_ofctl,5,1,s53,reverse,9850.582,0,
measured_emulation_calibration,64,direct_ovs_ofctl,5,1,s54,forward,10535.655,0,
measured_emulation_calibration,64,direct_ovs_ofctl,5,1,s54,reverse,10662.643,0,
measured_emulation_calibration,64,direct_ovs_ofctl,5,1,s55,forward,10254.903,0,
measured_emulation_calibration,64,direct_ovs_ofctl,5,1,s55,reverse,10847.101,0,
measured_emulation_calibration,64,direct_ovs_ofctl,5,1,s56,forward,12646.297,0,
measured_emulation_calibration,64,direct_ovs_ofctl,5,1,s56,reverse,11222.854,0,
measured_emulation_calibration,64,direct_ovs_ofctl,5,1,s57,forward,11578.339,0,
measured_emulation_calibration,64,direct_ovs_ofctl,5,1,s57,reverse,11380.579,0,
measured_emulation_calibration,64,direct_ovs_ofctl,5,1,s58,forward,10430.769,0,
measured_emulation_calibration,64,direct_ovs_ofctl,5,1,s58,reverse,11323.652,0,
measured_emulation_calibration,64,direct_ovs_ofctl,5,1,s59,forward,11164.135,0,
measured_emulation_calibration,64,direct_ovs_ofctl,5,1,s59,reverse,10526.313,0,
measured_emulation_calibration,64,direct_ovs_ofctl,5,1,s60,forward,11369.944,0,
measured_emulation_calibration,64,direct_ovs_ofctl,5,1,s60,reverse,11920.458,0,
measured_emulation_calibration,64,direct_ovs_ofctl,5,1,s61,forward,10935.47,0,
measured_emulation_calibration,64,direct_ovs_ofctl,5,1,s61,reverse,11356.452,0,
measured_emulation_calibration,64,direct_ovs_ofctl,5,1,s62,forward,10571.538,0,
measured_emulation_calibration,64,direct_ovs_ofctl,5,1,s62,reverse,9987.667,0,
measured_emulation_calibration,64,direct_ovs_ofctl,5,1,s63,forward,11006.989,0,
measured_emulation_calibration,64,direct_ovs_ofctl,5,1,s63,reverse,11149.068,0,
measured_emulation_calibration,64,direct_ovs_ofctl,5,1,s64,forward,11029.884,0,
measured_emulation_calibration,64,direct_ovs_ofctl,5,1,s64,reverse,11267.252,0,
